date,data_label,energy_kwh,valid,ghi,clear_ghi,clearness,t2m_c,precip_mm,model_kwh,pi,clear,reference,expected_kwh,ratio,smooth_ratio,flagged,loss_fraction,outage
2022-01-01,"Public dataset: Solar Panel Data, Jaipur rooftop plant (Mendeley Data)",351.7,True,3.2539,3.6089,0.90163,13.25,0.0,393.47623,0.89383,True,0.87776,345.37682,1.01831,1.0564,False,0.0,False
2022-01-02,"Public dataset: Solar Panel Data, Jaipur rooftop plant (Mendeley Data)",401.7,True,3.4186,3.6019,0.94911,13.99,0.0,411.37302,0.97649,True,0.87806,361.20988,1.1121,1.0564,False,0.0,False
2022-01-03,"Public dataset: Solar Panel Data, Jaipur rooftop plant (Mendeley Data)",378.0,True,3.6773,3.8026,0.96705,15.06,0.0,439.25041,0.86056,True,0.87836,385.82031,0.97973,1.0488,False,0.0,False
2022-01-04,"Public dataset: Solar Panel Data, Jaipur rooftop plant (Mendeley Data)",373.5,True,3.2544,3.7517,0.86745,16.57,0.02,388.37975,0.96169,True,0.87866,341.2546,1.09449,1.04994,False,0.0,False
2022-01-05,"Public dataset: Solar Panel Data, Jaipur rooftop plant (Mendeley Data)",115.7,True,1.165,3.2455,0.35896,15.18,7.74,143.33008,,False,0.87896,125.98193,,1.04994,False,0.0,False
2022-01-06,"Public dataset: Solar Panel Data, Jaipur rooftop plant (Mendeley Data)",48.7,True,1.0788,2.8738,0.37539,14.45,2.6,133.23869,,False,0.87927,117.15213,,1.0488,False,0.0,False
2022-01-07,"Public dataset: Solar Panel Data, Jaipur rooftop plant (Mendeley Data)",201.6,True,1.8202,3.4903,0.5215,15.15,19.62,222.25053,0.90708,False,0.87957,195.48413,1.03129,1.03356,False,0.0,False
2022-01-08,"Public dataset: Solar Panel Data, Jaipur rooftop plant (Mendeley Data)",173.1,True,2.1802,3.7584,0.58009,15.33,15.11,264.89317,0.65347,False,0.87987,233.07104,0.74269,1.03356,False,0.0,False
2022-01-09,"Public dataset: Solar Panel Data, Jaipur rooftop plant (Mendeley Data)",355.3,True,3.7975,4.5101,0.842,11.24,0.03,460.01859,0.77236,False,0.88017,404.89433,0.87751,1.0488,False,0.0,False
2022-01-10,"Public dataset: Solar Panel Data, Jaipur rooftop plant (Mendeley Data)",489.9,True,4.399,4.4436,0.98996,10.57,0.01,530.51646,0.92344,True,0.88047,467.10434,1.0488,1.02199,False,0.0,False
2022-01-11,"Public dataset: Solar Panel Data, Jaipur rooftop plant (Mendeley Data)",451.2,True,4.0224,4.2821,0.93935,10.53,0.0,487.37989,0.92577,True,0.88077,429.27078,1.05108,1.02655,False,0.0,False
2022-01-12,"Public dataset: Solar Panel Data, Jaipur rooftop plant (Mendeley Data)",341.1,True,2.8915,4.1028,0.70476,10.29,0.0,355.39753,0.95977,False,0.88107,313.13149,1.08932,1.02098,False,0.0,False
2022-01-13,"Public dataset: Solar Panel Data, Jaipur rooftop plant (Mendeley Data)",405.2,True,3.8146,4.1179,0.92635,11.31,0.0,461.96016,0.87713,True,0.88138,407.16031,0.99519,1.0043,False,0.0,False
2022-01-14,"Public dataset: Solar Panel Data, Jaipur rooftop plant (Mendeley Data)",349.9,True,4.1098,4.2974,0.95635,11.11,0.0,496.39469,0.70488,True,0.88168,437.6597,0.79948,1.0043,False,0.0,False
2022-01-15,"Public dataset: Solar Panel Data, Jaipur rooftop plant (Mendeley Data)",274.7,True,2.069,4.0078,0.51624,10.61,0.0,256.44991,1.07116,False,0.88198,226.18326,1.2145,1.0043,False,0.0,False
2022-01-16,"Public dataset: Solar Panel Data, Jaipur rooftop plant (Mendeley Data)",334.0,True,2.285,4.1676,0.54828,10.95,0.0,282.15389,1.18375,False,0.88004,248.30534,1.34512,1.0043,False,0.0,False
2022-01-17,"Public dataset: Solar Panel Data, Jaipur rooftop plant (Mendeley Data)",319.5,True,3.059,4.2305,0.72308,10.83,0.0,374.5411,0.85304,False,0.87809,328.88154,0.97147,1.00471,False,0.0,False
2022-01-18,"Public dataset: Solar Panel Data, Jaipur rooftop plant (Mendeley Data)",413.0,True,3.899,4.4398,0.87819,12.64,0.0,469.36162,0.87992,True,0.87615,411.23063,1.0043,1.00233,False,0.0,False
2022-01-19,"Public dataset: Solar Panel Data, Jaipur rooftop plant (Mendeley Data)",464.2,True,4.2758,4.397,0.97244,13.0,0.0,511.72447,0.90713,True,0.87421,447.35243,1.03766,1.00233,False,0.0,False
2022-01-20,"Public dataset: Solar Panel Data, Jaipur rooftop plant (Mendeley Data)",448.6,True,4.3114,4.501,0.95788,13.82,0.0,514.10841,0.87258,True,0.87226,448.43749,1.00036,1.0043,False,0.0,False
2022-01-21,"Public dataset: Solar Panel Data, Jaipur rooftop plant (Mendeley Data)",315.1,True,2.7617,4.3937,0.62856,13.67,0.87,335.60869,0.93889,False,0.87032,292.08674,1.07879,1.00511,False,0.0,False
2022-01-22,"Public dataset: Solar Panel Data, Jaipur rooftop plant (Mendeley Data)",290.0,True,3.174,4.2278,0.75075,14.99,10.6,381.86774,0.75943,False,0.86838,331.60485,0.87453,1.00676,False,0.0,False
2022-01-23,"Public dataset: Solar Panel Data, Jaipur rooftop plant (Mendeley Data)",398.9,True,3.1272,3.8393,0.81452,12.41,1.43,380.33885,1.0488,False,0.86643,329.53814,1.21048,1.02221,False,0.0,False
2022-01-24,"Public dataset: Solar Panel Data, Jaipur rooftop plant (Mendeley Data)",466.7,True,4.4616,4.8151,0.92659,11.08,0.0,537.11025,0.86891,True,0.86449,464.32637,1.00511,1.03766,False,0.0,False
2022-01-25,"Public dataset: Solar Panel Data, Jaipur rooftop plant (Mendeley Data)",455.7,True,4.825,4.9548,0.9738,10.57,0.0,579.61873,0.78621,True,0.86255,499.94823,0.91149,1.02619,False,0.0,False
2022-01-26,"Public dataset: Solar Panel Data, Jaipur rooftop plant (Mendeley Data)",505.7,True,4.8619,4.937,0.98479,10.65,0.0,583.6677,0.86642,True,0.8606,502.30649,1.00676,1.02619,False,0.0,False
2022-01-27,"Public dataset: Solar Panel Data, Jaipur rooftop plant (Mendeley Data)",525.2,True,4.8547,4.9538,0.98,11.33,0.0,581.32444,0.90345,True,0.85866,499.16028,1.05217,1.01074,False,0.0,False
2022-01-28,"Public dataset: Solar Panel Data, Jaipur rooftop plant (Mendeley Data)",526.1,True,4.9116,5.0167,0.97905,13.52,0.0,582.64121,0.90296,True,0.85672,499.15876,1.05397,1.01074,False,0.0,False
2022-01-29,"Public dataset: Solar Panel Data, Jaipur rooftop plant (Mendeley Data)",540.0,True,5.0165,5.0258,0.99815,16.09,0.0,588.22131,0.91802,True,0.85477,502.79633,1.07399,1.0128,False,0.0,False
2022-01-30,"Public dataset: Solar Panel Data, Jaipur rooftop plant (Mendeley Data)",536.6,True,5.0302,5.0354,0.99897,16.66,0.0,588.41859,0.91194,True,0.85283,501.82157,1.0693,1.00978,False,0.0,False
2022-01-31,"Public dataset: Solar Panel Data, Jaipur rooftop plant (Mendeley Data)",498.9,True,4.8341,4.8516,0.99639,17.61,0.0,564.65861,0.88354,True,0.85089,480.4611,1.03838,1.00676,False,0.0,False
2022-02-01,"Public dataset: Solar Panel Data, Jaipur rooftop plant (Mendeley Data)",495.1,True,4.9202,4.9351,0.99698,17.38,0.0,574.73073,0.86145,True,0.84894,487.91455,1.01473,1.00676,False,0.0,False
2022-02-02,"Public dataset: Solar Panel Data, Jaipur rooftop plant (Mendeley Data)",475.3,True,5.0282,5.0431,0.99705,16.13,0.0,589.67348,0.80604,True,0.847,499.45428,0.95164,1.0128,False,0.0,False
2022-02-03,"Public dataset: Solar Panel Data, Jaipur rooftop plant (Mendeley Data)",439.1,True,4.6042,4.7018,0.97924,14.06,0.01,547.29198,0.80231,True,0.84506,462.49362,0.94942,1.0128,False,0.0,False
2022-02-04,"Public dataset: Solar Panel Data, Jaipur rooftop plant (Mendeley Data)",483.9,True,5.1125,5.1456,0.99357,12.73,0.0,607.4434,0.79662,True,0.84312,512.14472,0.94485,1.0128,False,0.0,False
2022-02-05,"Public dataset: Solar Panel Data, Jaipur rooftop plant (Mendeley Data)",531.7,True,5.2646,5.2706,0.99886,12.88,0.0,624.10292,0.85194,True,0.84117,524.97788,1.0128,1.0128,False,0.0,False
2022-02-06,"Public dataset: Solar Panel Data, Jaipur rooftop plant (Mendeley Data)",511.4,True,5.1809,5.191,0.99805,13.48,0.0,613.3604,0.83377,True,0.83923,514.74972,0.99349,0.99349,False,0.0,False
2022-02-07,"Public dataset: Solar Panel Data, Jaipur rooftop plant (Mendeley Data)",122.1,True,4.9786,4.9838,0.99896,16.76,0.0,583.02834,0.20942,True,0.83729,488.16126,0.25012,0.98524,False,0.0,False
2022-02-08,"Public dataset: Solar Panel Data, Jaipur rooftop plant (Mendeley Data)",419.5,True,4.343,4.8595,0.89371,18.07,0.22,509.71367,0.82301,True,0.83534,425.78549,0.98524,0.98524,False,0.0,False
2022-02-09,"Public dataset: Solar Panel Data, Jaipur rooftop plant (Mendeley Data)",445.9,True,4.4105,4.7302,0.93241,16.71,1.16,520.16058,0.85724,True,0.8334,433.50148,1.0286,0.98524,False,0.0,False
2022-02-10,"Public dataset: Solar Panel Data, Jaipur rooftop plant (Mendeley Data)",444.5,True,5.135,5.3148,0.96617,14.87,0.0,605.11848,0.73457,True,0.83146,503.12949,0.88347,0.98524,False,0.0,False
2022-02-11,"Public dataset: Solar Panel Data, Jaipur rooftop plant (Mendeley Data)",556.9,True,5.5198,5.5238,0.99928,15.07,0.0,647.11655,0.86059,True,0.82951,536.79159,1.03746,0.99349,False,0.0,False
2022-02-12,"Public dataset: Solar Panel Data, Jaipur rooftop plant (Mendeley Data)",563.2,True,5.5435,5.5714,0.99499,17.49,0.0,643.36402,0.8754,True,0.82757,532.42867,1.05779,1.0128,False,0.0,False
2022-02-13,"Public dataset: Solar Panel Data, Jaipur rooftop plant (Mendeley Data)",362.2,True,5.5457,5.5615,0.99716,16.46,0.0,646.43268,0.56031,True,0.82563,533.71208,0.67864,0.99349,False,0.0,False
2022-02-14,"Public dataset: Solar Panel Data, Jaipur rooftop plant (Mendeley Data)",456.3,True,5.3446,5.353,0.99843,16.1,0.0,625.45763,0.72955,True,0.82368,515.17915,0.88571,0.98524,False,0.0,False
2022-02-15,"Public dataset: Solar Panel Data, Jaipur rooftop plant (Mendeley Data)",545.3,True,5.1269,5.1446,0.99656,16.94,0.0,599.50318,0.90959,True,0.82174,492.63596,1.1069,0.98524,False,0.0,False
2022-02-16,"Public dataset: Solar Panel Data, Jaipur rooftop plant (Mendeley Data)",540.1,True,5.293,5.3155,0.99577,18.09,0.0,614.89609,0.87836,True,0.82352,506.3816,1.06659,0.97482,False,0.0,False
2022-02-17,"Public dataset: Solar Panel Data, Jaipur rooftop plant (Mendeley Data)",508.4,True,5.4564,5.5214,0.98823,18.41,0.0,631.92379,0.80453,True,0.82531,521.53134,0.97482,0.9249,False,0.0,False
2022-02-18,"Public dataset: Solar Panel Data, Jaipur rooftop plant (Mendeley Data)",514.3,True,4.7436,5.0921,0.93156,18.58,0.82,553.60552,0.929,True,0.82709,457.88204,1.12322,0.97482,False,0.0,False
2022-02-19,"Public dataset: Solar Panel Data, Jaipur rooftop plant (Mendeley Data)",514.6,True,5.1442,5.1624,0.99647,18.05,0.34,598.97449,0.85914,True,0.82887,496.47456,1.03651,0.97482,False,0.0,False
2022-02-20,"Public dataset: Solar Panel Data, Jaipur rooftop plant (Mendeley Data)",491.9,True,5.6923,5.7269,0.99396,17.77,0.0,659.4698,0.7459,True,0.83066,547.79372,0.89797,0.97482,False,0.0,False
2022-02-21,"Public dataset: Solar Panel Data, Jaipur rooftop plant (Mendeley Data)",214.3,True,5.6914,5.7161,0.99568,20.16,0.0,652.93897,0.32821,True,0.83244,543.53334,0.39427,0.97528,False,0.0,False
2022-02-22,"Public dataset: Solar Panel Data, Jaipur rooftop plant (Mendeley Data)",72.4,True,5.8843,5.9004,0.99727,21.28,0.0,670.49276,0.10798,True,0.83422,559.34165,0.12944,0.97528,False,0.0,False
2022-02-23,"Public dataset: Solar Panel Data, Jaipur rooftop plant (Mendeley Data)",488.1,True,5.5819,5.7122,0.97719,20.09,0.0,641.56518,0.7608,True,0.83601,536.35376,0.91003,0.97528,False,0.0,False
2022-02-24,"Public dataset: Solar Panel Data, Jaipur rooftop plant (Mendeley Data)",436.1,True,4.8533,5.4137,0.89648,20.0,0.0,562.80258,0.77487,True,0.83779,471.51133,0.9249,0.97528,False,0.0,False
2022-02-25,"Public dataset: Solar Panel Data, Jaipur rooftop plant (Mendeley Data)",538.7,True,5.4991,5.5666,0.98787,19.99,0.02,633.09753,0.8509,True,0.83958,531.53298,1.01348,0.99799,False,0.0,False
2022-02-26,"Public dataset: Solar Panel Data, Jaipur rooftop plant (Mendeley Data)",530.8,True,5.6002,5.6858,0.98494,18.95,0.02,646.87669,0.82056,True,0.84136,544.25532,0.97528,0.99799,False,0.0,False
2022-02-27,"Public dataset: Solar Panel Data, Jaipur rooftop plant (Mendeley Data)",537.7,True,5.3719,5.3767,0.99911,18.51,0.0,623.34575,0.8626,True,0.84314,525.56907,1.02308,0.98135,False,0.0,False
2022-02-28,"Public dataset: Solar Panel Data, Jaipur rooftop plant (Mendeley Data)",600.7,True,5.9431,5.9669,0.99601,17.58,0.0,687.91289,0.87322,True,0.84493,581.23524,1.03349,0.99799,False,0.0,False
2022-03-01,"Public dataset: Solar Panel Data, Jaipur rooftop plant (Mendeley Data)",538.9,True,5.7425,5.9654,0.96263,19.63,0.0,660.65533,0.81571,True,0.84671,559.38289,0.96338,1.01348,False,0.0,False
2022-03-02,"Public dataset: Solar Panel Data, Jaipur rooftop plant (Mendeley Data)",584.0,True,5.7545,5.9921,0.96035,20.26,0.54,660.30388,0.88444,True,0.84849,560.26296,1.04237,1.02308,False,0.0,False
2022-03-03,"Public dataset: Solar Panel Data, Jaipur rooftop plant (Mendeley Data)",571.4,True,5.8714,5.9662,0.98411,20.1,0.07,673.37321,0.84856,True,0.85028,572.55314,0.99799,1.02708,False,0.0,False
2022-03-04,"Public dataset: Solar Panel Data, Jaipur rooftop plant (Mendeley Data)",606.4,True,5.8913,6.1061,0.96482,19.34,0.0,677.75492,0.89472,True,0.85206,577.48756,1.05007,1.03349,False,0.0,False
2022-03-05,"Public dataset: Solar Panel Data, Jaipur rooftop plant (Mendeley Data)",624.1,True,6.2218,6.39,0.97368,19.86,0.0,711.6606,0.87696,True,0.85384,607.64645,1.02708,1.04237,False,0.0,False
2022-03-06,"Public dataset: Solar Panel Data, Jaipur rooftop plant (Mendeley Data)",530.7,True,5.5498,6.4157,0.86503,22.75,0.0,632.03542,0.83967,True,0.85563,540.78627,0.98135,1.04237,False,0.0,False
2022-03-07,"Public dataset: Solar Panel Data, Jaipur rooftop plant (Mendeley Data)",588.6,True,5.6928,5.9741,0.95291,22.53,0.0,647.9627,0.90839,True,0.85741,555.56971,1.05945,1.04237,False,0.0,False
2022-03-08,"Public dataset: Solar Panel Data, Jaipur rooftop plant (Mendeley Data)",474.4,True,4.3073,4.9927,0.86272,22.75,0.05,497.58305,0.95341,True,0.85919,427.52012,1.10966,1.04237,False,0.0,False
2022-03-09,"Public dataset: Solar Panel Data, Jaipur rooftop plant (Mendeley Data)",588.7,True,4.5444,5.2282,0.86921,24.36,0.38,520.13157,1.13183,True,0.86098,447.8213,1.31459,1.04237,False,0.0,False
2022-03-10,"Public dataset: Solar Panel Data, Jaipur rooftop plant (Mendeley Data)",599.8,True,5.7559,5.8788,0.97909,23.44,0.21,652.45466,0.9193,True,0.86276,562.91208,1.06553,1.02871,False,0.0,False
2022-03-11,"Public dataset: Solar Panel Data, Jaipur rooftop plant (Mendeley Data)",626.7,True,6.0847,6.3482,0.95849,23.7,0.0,686.50481,0.91289,True,0.86454,593.51357,1.05592,1.02871,False,0.0,False
2022-03-12,"Public dataset: Solar Panel Data, Jaipur rooftop plant (Mendeley Data)",641.0,True,6.0041,6.4666,0.92848,24.5,0.0,675.83171,0.94846,True,0.86633,585.49154,1.09481,1.02708,False,0.0,False
2022-03-13,"Public dataset: Solar Panel Data, Jaipur rooftop plant (Mendeley Data)",590.9,True,6.1457,6.3766,0.96379,26.39,0.0,685.19278,0.86239,True,0.86811,594.82332,0.9934,1.02034,False,0.0,False
2022-03-14,"Public dataset: Solar Panel Data, Jaipur rooftop plant (Mendeley Data)",602.1,True,6.0722,6.5119,0.93248,28.05,0.0,672.83694,0.89487,True,0.86989,585.29708,1.02871,1.02042,False,0.0,False
2022-03-15,"Public dataset: Solar Panel Data, Jaipur rooftop plant (Mendeley Data)",619.6,True,6.3557,6.5638,0.9683,28.51,0.0,700.671,0.8843,True,0.87168,610.7594,1.01447,1.02034,False,0.0,False
2022-03-16,"Public dataset: Solar Panel Data, Jaipur rooftop plant (Mendeley Data)",617.4,True,6.4702,6.6667,0.97053,28.73,0.0,711.7911,0.86739,True,0.87221,620.83239,0.99447,1.02034,False,0.0,False
2022-03-17,"Public dataset: Solar Panel Data, Jaipur rooftop plant (Mendeley Data)",621.2,True,6.3444,6.6317,0.95668,29.22,0.0,697.58731,0.8905,True,0.87275,608.81594,1.02034,1.02034,False,0.0,False
2022-03-18,"Public dataset: Solar Panel Data, Jaipur rooftop plant (Mendeley Data)",563.1,True,6.3658,6.5302,0.97482,29.39,0.0,699.36537,0.80516,True,0.87328,610.74094,0.92199,1.01447,False,0.0,False
2022-03-19,"Public dataset: Solar Panel Data, Jaipur rooftop plant (Mendeley Data)",592.7,True,6.7358,6.8234,0.98716,28.87,0.0,738.68238,0.80237,True,0.87381,645.46984,0.91825,1.00872,False,0.0,False
2022-03-20,"Public dataset: Solar Panel Data, Jaipur rooftop plant (Mendeley Data)",585.2,True,6.1747,6.504,0.94937,28.44,0.0,682.89309,0.85694,True,0.87435,597.08488,0.9801,1.00752,False,0.0,False
2022-03-21,"Public dataset: Solar Panel Data, Jaipur rooftop plant (Mendeley Data)",626.5,True,6.3581,6.4565,0.98476,28.46,0.0,701.7661,0.89275,True,0.87488,613.96091,1.02042,1.00872,False,0.0,False
2022-03-22,"Public dataset: Solar Panel Data, Jaipur rooftop plant (Mendeley Data)",618.7,True,6.426,6.5834,0.97609,28.77,0.0,707.87467,0.87402,True,0.87541,619.68293,0.99841,1.00752,False,0.0,False
2022-03-23,"Public dataset: Solar Panel Data, Jaipur rooftop plant (Mendeley Data)",575.2,True,5.383,6.227,0.86446,28.67,0.0,600.3382,0.95813,True,0.87595,525.86444,1.09382,1.00752,False,0.0,False
2022-03-24,"Public dataset: Solar Panel Data, Jaipur rooftop plant (Mendeley Data)",618.8,True,6.1282,6.2743,0.97671,28.31,0.0,678.9154,0.91145,True,0.87648,595.05619,1.0399,1.00752,False,0.0,False
2022-03-25,"Public dataset: Solar Panel Data, Jaipur rooftop plant (Mendeley Data)",636.4,True,6.6725,6.7994,0.98134,27.95,0.0,735.97399,0.8647,True,0.87701,645.45968,0.98596,1.00752,False,0.0,False
2022-03-26,"Public dataset: Solar Panel Data, Jaipur rooftop plant (Mendeley Data)",668.0,True,6.8743,7.0502,0.97505,28.56,0.0,754.62869,0.8852,True,0.87755,662.22283,1.00872,1.00872,False,0.0,False
2022-03-27,"Public dataset: Solar Panel Data, Jaipur rooftop plant (Mendeley Data)",673.4,True,6.9972,7.187,0.97359,30.35,0.0,761.17821,0.88468,True,0.87808,668.37653,1.00752,1.01604,False,0.0,False
2022-03-28,"Public dataset: Solar Panel Data, Jaipur rooftop plant (Mendeley Data)",670.6,True,6.9182,7.271,0.95148,31.01,0.0,751.19986,0.89271,True,0.87862,660.0156,1.01604,1.01604,False,0.0,False
2022-03-29,"Public dataset: Solar Panel Data, Jaipur rooftop plant (Mendeley Data)",671.6,True,6.9974,7.225,0.9685,30.47,0.0,761.06386,0.88245,True,0.87915,669.08839,1.00375,1.00872,False,0.0,False
2022-03-30,"Public dataset: Solar Panel Data, Jaipur rooftop plant (Mendeley Data)",687.8,True,6.8227,7.2228,0.94461,31.24,0.0,741.13449,0.92804,True,0.87968,651.96301,1.05497,1.00872,False,0.0,False
2022-03-31,"Public dataset: Solar Panel Data, Jaipur rooftop plant (Mendeley Data)",658.2,True,6.87,7.2406,0.94882,31.09,0.0,746.49587,0.88172,True,0.88022,657.07768,1.00171,1.00752,False,0.0,False
2022-04-01,"Public dataset: Solar Panel Data, Jaipur rooftop plant (Mendeley Data)",700.9,True,6.8311,7.314,0.93398,30.08,0.0,746.03168,0.9395,True,0.88075,657.0672,1.06671,1.00752,False,0.0,False
2022-04-02,"Public dataset: Solar Panel Data, Jaipur rooftop plant (Mendeley Data)",666.3,True,6.5921,7.4928,0.87979,31.07,0.0,718.83969,0.92691,True,0.88128,633.50147,1.05177,1.00872,False,0.0,False
2022-04-03,"Public dataset: Solar Panel Data, Jaipur rooftop plant (Mendeley Data)",683.8,True,6.8794,7.4844,0.91917,30.48,0.0,749.83154,0.91194,True,0.88182,661.21421,1.03416,1.01604,False,0.0,False
2022-04-04,"Public dataset: Solar Panel Data, Jaipur rooftop plant (Mendeley Data)",504.6,True,6.5964,7.3354,0.89926,30.44,0.0,721.49892,0.69938,True,0.88235,636.61504,0.79263,1.03416,False,0.0,False
2022-04-05,"Public dataset: Solar Panel Data, Jaipur rooftop plant (Mendeley Data)",635.5,True,7.1846,7.283,0.98649,31.55,0.0,777.00974,0.81788,True,0.88288,686.00969,0.92637,1.04198,False,0.0,False
2022-04-06,"Public dataset: Solar Panel Data, Jaipur rooftop plant (Mendeley Data)",624.1,True,6.7632,7.2022,0.93905,31.46,0.0,735.30049,0.84877,True,0.88342,649.57764,0.96078,1.04198,False,0.0,False
2022-04-07,"Public dataset: Solar Panel Data, Jaipur rooftop plant (Mendeley Data)",669.0,True,6.9725,7.4659,0.93391,31.96,0.0,754.74313,0.88639,True,0.88395,667.15637,1.00276,1.01846,False,0.0,False
2022-04-08,"Public dataset: Solar Panel Data, Jaipur rooftop plant (Mendeley Data)",714.9,True,6.8657,7.5862,0.90502,33.42,0.0,739.37658,0.9669,True,0.88449,653.96765,1.09317,1.01846,False,0.0,False
2022-04-09,"Public dataset: Solar Panel Data, Jaipur rooftop plant (Mendeley Data)",676.9,True,6.5642,7.2158,0.9097,33.43,0.0,709.36874,0.95423,True,0.88502,627.80471,1.0782,0.99556,False,0.0,False
2022-04-10,"Public dataset: Solar Panel Data, Jaipur rooftop plant (Mendeley Data)",679.0,True,6.3077,7.2319,0.87221,33.59,0.0,683.20973,0.99384,True,0.88555,605.01807,1.12228,0.98101,False,0.0,False
2022-04-11,"Public dataset: Solar Panel Data, Jaipur rooftop plant (Mendeley Data)",679.4,True,6.7685,7.2146,0.93817,33.32,0.0,730.37277,0.93021,True,0.88609,647.17318,1.0498,0.98101,False,0.0,False
2022-04-12,"Public dataset: Solar Panel Data, Jaipur rooftop plant (Mendeley Data)",478.6,True,5.6059,6.8496,0.81843,32.69,0.0,614.49093,0.77886,False,0.88662,544.81981,0.87846,0.99556,False,0.0,False
2022-04-13,"Public dataset: Solar Panel Data, Jaipur rooftop plant (Mendeley Data)",666.7,True,7.3133,7.5403,0.9699,31.92,0.0,789.57241,0.84438,True,0.88715,700.47185,0.95179,0.99903,False,0.0,False
2022-04-14,"Public dataset: Solar Panel Data, Jaipur rooftop plant (Mendeley Data)",548.5,True,6.3106,7.0913,0.88991,32.39,0.01,687.53049,0.79778,True,0.88769,610.3119,0.89872,1.00276,False,0.0,False
2022-04-15,"Public dataset: Solar Panel Data, Jaipur rooftop plant (Mendeley Data)",622.0,True,7.0349,7.2538,0.96982,32.78,0.0,759.18543,0.8193,True,0.88822,674.3242,0.9224,0.99529,False,0.0,False
2022-04-16,"Public dataset: Solar Panel Data, Jaipur rooftop plant (Mendeley Data)",686.8,True,7.2533,7.4808,0.96959,31.44,0.0,785.66595,0.87416,True,0.88446,694.88647,0.98836,0.98836,False,0.0,False
2022-04-17,"Public dataset: Solar Panel Data, Jaipur rooftop plant (Mendeley Data)",584.0,True,6.252,7.3039,0.85598,32.66,0.0,681.05246,0.8575,True,0.88069,599.79613,0.97366,0.98547,False,0.0,False
2022-04-18,"Public dataset: Solar Panel Data, Jaipur rooftop plant (Mendeley Data)",689.3,True,6.7488,7.1782,0.94018,34.13,0.0,726.55284,0.94873,True,0.87692,637.13217,1.08188,0.97432,False,0.0,False
2022-04-19,"Public dataset: Solar Panel Data, Jaipur rooftop plant (Mendeley Data)",690.7,True,7.0793,7.3606,0.96178,33.94,0.0,760.13565,0.90865,True,0.87316,663.71962,1.04065,0.97366,False,0.0,False
2022-04-20,"Public dataset: Solar Panel Data, Jaipur rooftop plant (Mendeley Data)",636.0,True,6.8335,7.266,0.94048,34.19,0.0,735.00804,0.8653,True,0.86939,639.01167,0.99529,0.96273,False,0.0,False
2022-04-21,"Public dataset: Solar Panel Data, Jaipur rooftop plant (Mendeley Data)",425.2,True,4.8742,7.098,0.6867,32.74,0.35,538.9344,0.78896,False,0.86563,466.51715,0.91143,0.97399,False,0.0,False
2022-04-22,"Public dataset: Solar Panel Data, Jaipur rooftop plant (Mendeley Data)",626.9,True,6.7937,7.3092,0.92947,32.09,0.0,738.10223,0.84934,True,0.86186,636.14337,0.98547,0.97399,False,0.0,False
2022-04-23,"Public dataset: Solar Panel Data, Jaipur rooftop plant (Mendeley Data)",645.2,True,7.1376,7.591,0.94027,32.38,0.0,771.71233,0.83606,True,0.8581,662.20495,0.97432,0.9799,False,0.0,False
2022-04-24,"Public dataset: Solar Panel Data, Jaipur rooftop plant (Mendeley Data)",653.2,True,7.5142,7.751,0.96945,32.9,0.0,807.37312,0.80904,True,0.85433,689.7654,0.94699,0.9799,False,0.0,False
2022-04-25,"Public dataset: Solar Panel Data, Jaipur rooftop plant (Mendeley Data)",381.5,True,7.0387,7.6562,0.91935,34.02,0.0,756.5089,0.50429,True,0.85057,643.46194,0.59289,0.99038,False,0.0,False
2022-04-26,"Public dataset: Solar Panel Data, Jaipur rooftop plant (Mendeley Data)",548.1,True,6.665,7.6068,0.87619,34.65,0.0,717.32312,0.76409,True,0.8468,607.43084,0.90232,0.99011,False,0.0,False
2022-04-27,"Public dataset: Solar Panel Data, Jaipur rooftop plant (Mendeley Data)",585.5,True,7.181,7.5216,0.95472,34.64,0.0,768.69744,0.76168,True,0.84304,648.04034,0.90349,0.9799,False,0.0,False
2022-04-28,"Public dataset: Solar Panel Data, Jaipur rooftop plant (Mendeley Data)",656.4,True,7.0675,7.5972,0.93028,35.8,0.0,753.64756,0.87096,True,0.83927,632.51502,1.03776,0.9799,False,0.0,False
2022-04-29,"Public dataset: Solar Panel Data, Jaipur rooftop plant (Mendeley Data)",621.2,True,7.1938,7.9008,0.91052,35.19,0.0,768.27759,0.80856,True,0.83551,641.90078,0.96775,0.9799,False,0.0,False
2022-04-30,"Public dataset: Solar Panel Data, Jaipur rooftop plant (Mendeley Data)",646.8,True,7.1602,7.542,0.94938,34.81,0.0,766.378,0.84397,True,0.83174,637.42801,1.0147,0.98453,False,0.0,False
2022-05-01,"Public dataset: Solar Panel Data, Jaipur rooftop plant (Mendeley Data)",553.5,True,6.1697,7.1676,0.86078,36.45,0.0,662.62989,0.83531,True,0.82798,548.64145,1.00886,0.984,False,0.0,False
2022-05-02,"Public dataset: Solar Panel Data, Jaipur rooftop plant (Mendeley Data)",642.7,True,7.0853,7.2552,0.97658,36.48,0.0,753.49469,0.85296,True,0.82421,621.03815,1.03488,0.984,False,0.0,False
2022-05-03,"Public dataset: Solar Panel Data, Jaipur rooftop plant (Mendeley Data)",642.9,True,7.3529,7.6841,0.9569,34.23,0.0,787.73845,0.81613,True,0.82045,646.29613,0.99475,0.984,False,0.0,False
2022-05-04,"Public dataset: Solar Panel Data, Jaipur rooftop plant (Mendeley Data)",589.2,True,6.8686,7.1753,0.95726,33.77,0.0,741.27821,0.79484,True,0.81668,605.38692,0.97326,0.984,False,0.0,False
2022-05-05,"Public dataset: Solar Panel Data, Jaipur rooftop plant (Mendeley Data)",598.3,True,6.8417,7.285,0.93915,33.65,0.0,739.06885,0.80953,True,0.81291,600.79975,0.99584,0.984,False,0.0,False
2022-05-06,"Public dataset: Solar Panel Data, Jaipur rooftop plant (Mendeley Data)",501.4,True,5.4989,6.9924,0.78641,34.58,0.19,600.0597,0.83558,False,0.80915,485.53779,1.03267,0.984,False,0.0,False
2022-05-07,"Public dataset: Solar Panel Data, Jaipur rooftop plant (Mendeley Data)",559.3,True,6.4034,7.2182,0.88712,35.38,0.0,689.76591,0.81085,True,0.80538,555.52631,1.00679,0.984,False,0.0,False
2022-05-08,"Public dataset: Solar Panel Data, Jaipur rooftop plant (Mendeley Data)",367.7,True,6.6914,7.3903,0.90543,35.37,0.0,718.70523,0.51161,True,0.80162,576.12742,0.63823,0.984,False,0.0,False
2022-05-09,"Public dataset: Solar Panel Data, Jaipur rooftop plant (Mendeley Data)",581.8,True,7.4506,7.6116,0.97885,35.7,0.0,792.72982,0.73392,True,0.79785,632.48203,0.91987,0.94791,True,0.05209,False
2022-05-10,"Public dataset: Solar Panel Data, Jaipur rooftop plant (Mendeley Data)",541.7,True,7.1846,7.6848,0.93491,35.67,0.0,766.79279,0.70645,True,0.79409,608.90088,0.88964,0.92121,True,0.07879,False
2022-05-11,"Public dataset: Solar Panel Data, Jaipur rooftop plant (Mendeley Data)",504.9,True,7.4038,7.6154,0.97221,36.51,0.0,785.45463,0.64281,True,0.79032,620.76253,0.81335,0.90632,True,0.09368,False
2022-05-12,"Public dataset: Solar Panel Data, Jaipur rooftop plant (Mendeley Data)",514.0,True,6.9499,7.4467,0.93329,37.29,0.0,738.35369,0.69614,True,0.78656,580.75746,0.88505,0.89121,True,0.10879,False
2022-05-13,"Public dataset: Solar Panel Data, Jaipur rooftop plant (Mendeley Data)",661.0,True,7.3834,7.6452,0.96576,37.59,0.0,779.81434,0.84764,True,0.78279,610.43239,1.08284,0.89121,True,0.10879,False
2022-05-14,"Public dataset: Solar Panel Data, Jaipur rooftop plant (Mendeley Data)",563.5,True,7.41,7.8768,0.94074,37.15,0.0,784.05439,0.7187,True,0.77903,610.79926,0.92256,0.89278,True,0.10722,False
2022-05-15,"Public dataset: Solar Panel Data, Jaipur rooftop plant (Mendeley Data)",597.4,True,6.8004,7.6534,0.88855,37.4,0.0,723.48483,0.82573,True,0.77526,560.88981,1.06509,0.88964,True,0.11036,False
2022-05-16,"Public dataset: Solar Panel Data, Jaipur rooftop plant (Mendeley Data)",542.8,True,7.3709,7.7537,0.95063,35.51,0.0,786.21365,0.6904,True,0.77332,607.99096,0.89278,0.89121,True,0.10879,False
2022-05-17,"Public dataset: Solar Panel Data, Jaipur rooftop plant (Mendeley Data)",507.1,True,6.883,7.141,0.96387,34.51,0.0,741.32431,0.68405,True,0.77137,571.83462,0.88679,0.89121,True,0.10879,False
2022-05-18,"Public dataset: Solar Panel Data, Jaipur rooftop plant (Mendeley Data)",415.5,True,7.0649,7.2286,0.97735,35.14,0.0,757.40884,0.54858,True,0.76942,582.7677,0.71298,0.88979,True,0.11021,False
2022-05-19,"Public dataset: Solar Panel Data, Jaipur rooftop plant (Mendeley Data)",511.6,True,7.2662,7.5156,0.96682,37.12,0.0,770.51852,0.66397,True,0.76748,591.35504,0.86513,0.90552,True,0.09448,False
2022-05-20,"Public dataset: Solar Panel Data, Jaipur rooftop plant (Mendeley Data)",537.1,True,7.2197,7.4126,0.97398,37.69,0.0,764.06103,0.70295,True,0.76553,584.91209,0.91826,0.90552,True,0.09448,False
2022-05-21,"Public dataset: Solar Panel Data, Jaipur rooftop plant (Mendeley Data)",542.3,True,6.9158,7.2514,0.95372,35.43,0.31,741.81819,0.73104,True,0.76358,566.44083,0.95738,0.88979,True,0.11021,False
2022-05-22,"Public dataset: Solar Panel Data, Jaipur rooftop plant (Mendeley Data)",251.0,True,6.8688,7.3925,0.92916,34.38,0.49,740.66165,0.33889,True,0.76164,564.11628,0.44494,0.88673,True,0.11327,False
2022-05-23,"Public dataset: Solar Panel Data, Jaipur rooftop plant (Mendeley Data)",507.1,True,5.1173,6.3341,0.8079,33.54,10.08,563.89998,0.89927,False,0.75969,428.39039,1.18373,0.88673,True,0.11327,False
2022-05-24,"Public dataset: Solar Panel Data, Jaipur rooftop plant (Mendeley Data)",550.5,True,5.9734,6.3336,0.94313,31.05,0.31,659.71938,0.83445,True,0.75775,499.89972,1.10122,0.88673,True,0.11327,False
2022-05-25,"Public dataset: Solar Panel Data, Jaipur rooftop plant (Mendeley Data)",392.5,True,6.6576,6.9026,0.96451,31.25,0.74,729.62508,0.53795,True,0.7558,551.45052,0.71176,0.89159,True,0.10841,False
2022-05-26,"Public dataset: Solar Panel Data, Jaipur rooftop plant (Mendeley Data)",551.5,True,7.0598,7.3704,0.95786,33.32,0.0,763.58751,0.72225,True,0.75385,575.63327,0.95808,0.90366,True,0.09634,False
2022-05-27,"Public dataset: Solar Panel Data, Jaipur rooftop plant (Mendeley Data)",527.1,True,7.3711,7.4952,0.98344,34.49,0.0,790.62882,0.66668,True,0.75191,594.47978,0.88666,0.91452,True,0.08548,False
2022-05-28,"Public dataset: Solar Panel Data, Jaipur rooftop plant (Mendeley Data)",343.2,True,6.8822,7.0805,0.97199,35.1,0.42,739.96115,0.46381,True,0.74996,554.9423,0.61844,0.90624,True,0.09376,False
2022-05-29,"Public dataset: Solar Panel Data, Jaipur rooftop plant (Mendeley Data)",321.7,True,6.8254,7.0219,0.97202,35.39,0.02,733.38263,0.43865,True,0.74802,548.58139,0.58642,0.90624,True,0.09376,False
2022-05-30,"Public dataset: Solar Panel Data, Jaipur rooftop plant (Mendeley Data)",550.1,True,6.8808,7.2295,0.95177,35.68,0.06,738.00249,0.74539,True,0.74607,550.60086,0.99909,0.91079,True,0.08921,False
2022-05-31,"Public dataset: Solar Panel Data, Jaipur rooftop plant (Mendeley Data)",493.6,True,6.8534,7.3838,0.92817,34.29,0.0,739.88931,0.66713,True,0.74412,550.56862,0.89653,0.91079,True,0.08921,False
2022-06-01,"Public dataset: Solar Panel Data, Jaipur rooftop plant (Mendeley Data)",539.0,True,7.0339,7.4702,0.94159,35.77,0.0,753.0201,0.71578,True,0.74218,558.87405,0.96444,0.91079,True,0.08921,False
2022-06-02,"Public dataset: Solar Panel Data, Jaipur rooftop plant (Mendeley Data)",505.7,True,7.0147,7.5367,0.93074,36.09,0.01,750.07918,0.6742,True,0.74023,555.2316,0.91079,0.91079,True,0.08921,False
2022-06-03,"Public dataset: Solar Panel Data, Jaipur rooftop plant (Mendeley Data)",509.6,True,6.5119,7.4818,0.87037,36.78,0.0,697.8097,0.73029,True,0.73828,515.18209,0.98916,0.91079,True,0.08921,False
2022-06-04,"Public dataset: Solar Panel Data, Jaipur rooftop plant (Mendeley Data)",545.4,True,7.7414,7.9104,0.97864,36.15,0.0,821.44635,0.66395,True,0.73634,604.86245,0.90169,0.92233,True,0.07767,False
2022-06-05,"Public dataset: Solar Panel Data, Jaipur rooftop plant (Mendeley Data)",554.3,True,7.6766,7.8936,0.97251,35.29,0.0,818.33199,0.67735,True,0.73439,600.97664,0.92233,0.93741,True,0.06259,False
2022-06-06,"Public dataset: Solar Panel Data, Jaipur rooftop plant (Mendeley Data)",358.4,True,5.9045,7.8305,0.75404,35.75,0.0,639.67664,0.56028,False,0.73245,468.52864,0.76495,0.95248,True,0.04752,False
2022-06-07,"Public dataset: Solar Panel Data, Jaipur rooftop plant (Mendeley Data)",485.2,True,6.199,7.5014,0.82638,36.48,0.0,667.42464,0.72697,False,0.7305,487.55364,0.99517,0.93741,True,0.06259,False
2022-06-08,"Public dataset: Solar Panel Data, Jaipur rooftop plant (Mendeley Data)",553.5,True,7.333,7.6656,0.95661,35.34,0.0,784.41153,0.70562,True,0.72855,571.48597,0.96853,0.95248,True,0.04752,False
2022-06-09,"Public dataset: Solar Panel Data, Jaipur rooftop plant (Mendeley Data)",461.6,True,7.2746,7.5005,0.96988,36.36,0.0,775.10059,0.59554,True,0.72661,563.19399,0.81961,0.92233,True,0.07767,False
2022-06-10,"Public dataset: Solar Panel Data, Jaipur rooftop plant (Mendeley Data)",516.3,True,7.0078,7.4918,0.9354,36.58,0.03,748.01506,0.69023,True,0.72466,542.05769,0.95248,0.92344,True,0.07656,False
2022-06-11,"Public dataset: Solar Panel Data, Jaipur rooftop plant (Mendeley Data)",533.1,True,7.0836,7.7186,0.91773,36.32,0.0,756.42433,0.70476,True,0.72272,546.67945,0.97516,0.92289,True,0.07711,False
2022-06-12,"Public dataset: Solar Panel Data, Jaipur rooftop plant (Mendeley Data)",470.9,True,4.9903,7.2168,0.69148,36.67,0.0,543.5381,0.86636,False,0.72077,391.7655,1.20199,0.92344,True,0.07656,False
2022-06-13,"Public dataset: Solar Panel Data, Jaipur rooftop plant (Mendeley Data)",307.7,True,3.3641,6.9943,0.48098,35.0,0.03,375.12227,0.82027,False,0.71882,269.64652,1.14112,0.93796,True,0.06204,False
2022-06-14,"Public dataset: Solar Panel Data, Jaipur rooftop plant (Mendeley Data)",458.3,True,4.6637,7.3135,0.63768,32.84,3.08,518.22768,0.88436,False,0.71688,371.50543,1.23363,0.95248,True,0.04752,False
2022-06-15,"Public dataset: Solar Panel Data, Jaipur rooftop plant (Mendeley Data)",438.6,True,6.1015,7.608,0.80198,34.2,2.53,664.39743,0.66015,False,0.71493,474.99813,0.92337,0.9605,True,0.0395,False
2022-06-16,"Public dataset: Solar Panel Data, Jaipur rooftop plant (Mendeley Data)",451.7,True,6.7534,7.4546,0.90594,34.21,2.13,730.53341,0.61832,True,0.71635,523.31875,0.86315,0.96382,True,0.03618,False
2022-06-17,"Public dataset: Solar Panel Data, Jaipur rooftop plant (Mendeley Data)",452.0,True,6.2741,7.1261,0.88044,34.23,3.47,681.93252,0.66282,True,0.71777,489.47235,0.92344,0.97143,True,0.02857,False
2022-06-18,"Public dataset: Solar Panel Data, Jaipur rooftop plant (Mendeley Data)",419.3,True,6.0043,7.3687,0.81484,32.18,11.98,660.29859,0.63502,False,0.71919,474.8823,0.88296,0.98129,False,0.0,False
2022-06-19,"Public dataset: Solar Panel Data, Jaipur rooftop plant (Mendeley Data)",221.8,True,3.1961,7.1563,0.44661,29.86,31.42,364.87843,0.60787,False,0.72061,262.93654,0.84355,0.97755,False,0.0,False
2022-06-20,"Public dataset: Solar Panel Data, Jaipur rooftop plant (Mendeley Data)",360.4,True,4.3649,7.0769,0.61678,30.62,3.5,491.12964,0.73382,False,0.72203,354.61276,1.01632,0.98742,False,0.0,False
2022-06-21,"Public dataset: Solar Panel Data, Jaipur rooftop plant (Mendeley Data)",568.2,True,6.2671,6.4752,0.96786,29.42,12.69,695.70537,0.81673,True,0.72346,503.31208,1.12892,1.0229,False,0.0,False
2022-06-22,"Public dataset: Solar Panel Data, Jaipur rooftop plant (Mendeley Data)",587.0,True,6.8278,7.0954,0.96229,30.82,0.49,749.1632,0.78354,True,0.72488,543.0509,1.08093,1.0229,False,0.0,False
2022-06-23,"Public dataset: Solar Panel Data, Jaipur rooftop plant (Mendeley Data)",584.0,True,6.8892,7.1542,0.96296,31.34,0.0,753.71426,0.77483,True,0.7263,547.42078,1.06682,1.0229,False,0.0,False
2022-06-24,"Public dataset: Solar Panel Data, Jaipur rooftop plant (Mendeley Data)",553.1,True,7.237,7.5468,0.95895,32.37,0.0,785.423,0.70421,True,0.72772,571.56672,0.96769,1.05837,False,0.0,False
2022-06-25,"Public dataset: Solar Panel Data, Jaipur rooftop plant (Mendeley Data)",570.4,True,7.3625,7.6181,0.96645,34.0,0.0,792.262,0.71996,True,0.72914,577.66926,0.98742,1.0626,False,0.0,False
2022-06-26,"Public dataset: Solar Panel Data, Jaipur rooftop plant (Mendeley Data)",546.5,True,7.2564,7.3915,0.98172,33.5,0.0,783.42029,0.69758,True,0.73056,572.33555,0.95486,1.0626,False,0.0,False
2022-06-27,"Public dataset: Solar Panel Data, Jaipur rooftop plant (Mendeley Data)",508.2,True,6.0365,6.9787,0.86499,34.81,0.24,655.98742,0.77471,True,0.73198,480.17025,1.05837,1.05837,False,0.0,False
2022-06-28,"Public dataset: Solar Panel Data, Jaipur rooftop plant (Mendeley Data)",509.6,True,5.8049,6.4488,0.90015,34.56,2.13,632.98103,0.80508,True,0.7334,464.22938,1.09773,1.02939,False,0.0,False
2022-06-29,"Public dataset: Solar Panel Data, Jaipur rooftop plant (Mendeley Data)",471.7,True,5.6203,6.6972,0.8392,33.69,3.49,616.32668,0.76534,False,0.73482,452.89076,1.04153,1.00041,False,0.0,False
2022-06-30,"Public dataset: Solar Panel Data, Jaipur rooftop plant (Mendeley Data)",311.9,True,3.5062,6.539,0.5362,30.3,20.56,398.32822,0.78302,False,0.73624,293.26653,1.06354,1.00041,False,0.0,False
2022-07-01,"Public dataset: Solar Panel Data, Jaipur rooftop plant (Mendeley Data)",250.2,True,1.8737,6.2465,0.29996,27.73,42.95,218.53305,1.14491,False,0.73766,161.20402,1.55207,0.99391,False,0.0,False
2022-07-02,"Public dataset: Solar Panel Data, Jaipur rooftop plant (Mendeley Data)",422.0,True,4.2794,6.9288,0.61762,29.38,11.82,484.41012,0.87116,False,0.73909,358.02031,1.1787,1.00041,False,0.0,False
2022-07-03,"Public dataset: Solar Panel Data, Jaipur rooftop plant (Mendeley Data)",346.6,True,3.2434,7.0166,0.46225,28.9,8.26,371.57303,0.93279,False,0.74051,275.15204,1.25967,1.02939,False,0.0,False
2022-07-04,"Public dataset: Solar Panel Data, Jaipur rooftop plant (Mendeley Data)",525.9,True,6.4315,7.1671,0.89736,30.75,1.82,708.53814,0.74223,True,0.74193,525.68344,1.00041,1.05837,False,0.0,False
2022-07-05,"Public dataset: Solar Panel Data, Jaipur rooftop plant (Mendeley Data)",387.8,True,6.6103,7.1201,0.9284,30.95,0.37,726.27547,0.53396,True,0.74335,539.87516,0.71831,1.04907,False,0.0,False
2022-07-06,"Public dataset: Solar Panel Data, Jaipur rooftop plant (Mendeley Data)",481.4,True,6.1008,7.2883,0.83707,31.11,5.38,673.22451,0.71507,False,0.74477,501.3964,0.96012,1.05093,False,0.0,False
2022-07-07,"Public dataset: Solar Panel Data, Jaipur rooftop plant (Mendeley Data)",683.4,True,6.5575,7.3325,0.89431,31.22,2.7,719.94849,0.94923,True,0.74619,537.21789,1.27211,1.05279,False,0.0,False
2022-07-08,"Public dataset: Solar Panel Data, Jaipur rooftop plant (Mendeley Data)",217.5,True,6.0629,7.2559,0.83558,31.33,2.86,668.60309,0.32531,False,0.74761,499.85448,0.43513,1.05465,False,0.0,False
2022-07-09,"Public dataset: Solar Panel Data, Jaipur rooftop plant (Mendeley Data)",395.2,True,4.0236,6.697,0.60081,31.22,6.48,452.95928,0.87248,False,0.74903,339.28056,1.16482,1.05652,False,0.0,False
2022-07-10,"Public dataset: Solar Panel Data, Jaipur rooftop plant (Mendeley Data)",260.8,True,2.0935,7.1407,0.29318,30.44,8.69,240.91491,1.08254,False,0.75045,180.79505,1.44252,1.05838,False,0.0,False
2022-07-11,"Public dataset: Solar Panel Data, Jaipur rooftop plant (Mendeley Data)",515.8,True,5.31,7.4525,0.71251,30.98,2.24,590.80559,0.87305,False,0.75187,444.21061,1.16116,1.06024,False,0.0,False
2022-07-12,"Public dataset: Solar Panel Data, Jaipur rooftop plant (Mendeley Data)",447.9,True,6.041,7.2737,0.83053,31.26,11.18,666.41503,0.6721,False,0.75329,502.00616,0.89222,1.0621,False,0.0,False
2022-07-13,"Public dataset: Solar Panel Data, Jaipur rooftop plant (Mendeley Data)",556.2,True,5.6186,6.811,0.82493,32.03,3.2,620.3358,0.89661,False,0.75471,468.17637,1.18801,1.06396,False,0.0,False
2022-07-14,"Public dataset: Solar Panel Data, Jaipur rooftop plant (Mendeley Data)",517.5,True,5.7598,7.2314,0.7965,31.78,6.57,635.68392,0.81408,False,0.75614,480.66303,1.07664,1.06582,False,0.0,False
2022-07-15,"Public dataset: Solar Panel Data, Jaipur rooftop plant (Mendeley Data)",576.3,True,5.8397,7.4587,0.78294,30.72,6.71,646.92168,0.89083,False,0.75756,490.07947,1.17593,1.06768,False,0.0,False
2022-07-16,"Public dataset: Solar Panel Data, Jaipur rooftop plant (Mendeley Data)",488.9,True,4.319,7.471,0.5781,29.16,12.86,488.95465,0.99989,False,0.75898,371.10531,1.31742,1.06954,False,0.0,False
2022-07-17,"Public dataset: Solar Panel Data, Jaipur rooftop plant (Mendeley Data)",442.2,True,5.3558,7.3397,0.7297,29.56,3.9,599.1086,0.7381,False,0.7604,455.56086,0.97067,1.0714,False,0.0,False
2022-07-18,"Public dataset: Solar Panel Data, Jaipur rooftop plant (Mendeley Data)",632.1,True,5.7773,7.2113,0.80115,31.01,6.19,639.49402,0.98844,False,0.76182,487.17847,1.29747,1.07326,False,0.0,False
2022-07-19,"Public dataset: Solar Panel Data, Jaipur rooftop plant (Mendeley Data)",391.7,True,6.3576,6.8594,0.92684,31.68,2.24,697.53295,0.56155,True,0.76324,532.38469,0.73575,1.07512,False,0.0,False
2022-07-20,"Public dataset: Solar Panel Data, Jaipur rooftop plant (Mendeley Data)",453.9,True,4.656,6.769,0.68784,29.91,8.8,523.58817,0.8669,False,0.76466,400.36711,1.13371,1.07698,False,0.0,False
2022-07-21,"Public dataset: Solar Panel Data, Jaipur rooftop plant (Mendeley Data)",543.2,True,5.3292,6.9782,0.76369,28.87,2.32,597.919,0.90848,False,0.76608,458.05449,1.18589,1.07885,False,0.0,False
2022-07-22,"Public dataset: Solar Panel Data, Jaipur rooftop plant (Mendeley Data)",345.6,True,4.5744,6.8561,0.6672,27.62,30.76,519.80247,0.66487,False,0.7675,398.94946,0.86628,1.08071,False,0.0,False
2022-07-23,"Public dataset: Solar Panel Data, Jaipur rooftop plant (Mendeley Data)",142.4,True,2.2368,6.8076,0.32857,28.19,20.93,259.39581,0.54897,False,0.76892,199.45537,0.71394,1.08257,False,0.0,False
2022-07-24,"Public dataset: Solar Panel Data, Jaipur rooftop plant (Mendeley Data)",446.1,True,4.0529,6.8064,0.59545,28.27,11.35,461.59467,0.96643,False,0.77034,355.58656,1.25455,1.08443,False,0.0,False
2022-07-25,"Public dataset: Solar Panel Data, Jaipur rooftop plant (Mendeley Data)",551.6,True,3.6408,7.0675,0.51515,27.25,19.77,418.10336,1.31929,False,0.77176,322.67736,1.70945,1.08629,False,0.0,False
2022-07-26,"Public dataset: Solar Panel Data, Jaipur rooftop plant (Mendeley Data)",479.3,True,4.6786,7.3099,0.64004,27.31,11.47,531.6727,0.90149,False,0.77319,411.08158,1.16595,1.08815,False,0.0,False
2022-07-27,"Public dataset: Solar Panel Data, Jaipur rooftop plant (Mendeley Data)",388.9,True,4.9018,7.2281,0.67816,27.15,18.78,556.14962,0.69927,False,0.77461,430.79698,0.90275,1.09348,False,0.0,False
2022-07-28,"Public dataset: Solar Panel Data, Jaipur rooftop plant (Mendeley Data)",378.7,True,4.1784,6.7783,0.61644,26.52,5.07,478.70848,0.79109,False,0.77603,371.49076,1.01941,1.09348,False,0.0,False
2022-07-29,"Public dataset: Solar Panel Data, Jaipur rooftop plant (Mendeley Data)",521.1,True,4.9358,6.984,0.70673,26.88,7.78,560.38332,0.9299,False,0.77745,435.66887,1.19609,1.09348,False,0.0,False
2022-07-30,"Public dataset: Solar Panel Data, Jaipur rooftop plant (Mendeley Data)",368.6,True,6.3946,6.8854,0.92872,27.36,1.31,713.95491,0.51628,True,0.77887,556.07721,0.66286,1.09348,False,0.0,False
2022-07-31,"Public dataset: Solar Panel Data, Jaipur rooftop plant (Mendeley Data)",472.0,True,4.0786,6.9259,0.58889,27.27,1.64,466.18515,1.01247,False,0.78029,363.75944,1.29756,1.09348,False,0.0,False
2022-08-01,"Public dataset: Solar Panel Data, Jaipur rooftop plant (Mendeley Data)",409.4,True,3.9703,6.9305,0.57287,26.71,8.72,455.33351,0.89912,False,0.78171,355.93899,1.1502,1.09348,False,0.0,False
2022-08-02,"Public dataset: Solar Panel Data, Jaipur rooftop plant (Mendeley Data)",416.7,True,4.5818,6.9442,0.6598,28.07,23.0,519.26528,0.80248,False,0.78313,406.65291,1.02471,1.09348,False,0.0,False
2022-08-03,"Public dataset: Solar Panel Data, Jaipur rooftop plant (Mendeley Data)",438.9,True,4.9394,6.6578,0.7419,28.78,6.12,556.06499,0.7893,False,0.78455,436.262,1.00605,1.10304,False,0.0,False
2022-08-04,"Public dataset: Solar Panel Data, Jaipur rooftop plant (Mendeley Data)",376.1,True,4.1808,6.6158,0.63194,28.23,5.04,475.33772,0.79123,False,0.78597,373.60263,1.00668,1.10304,False,0.0,False
2022-08-05,"Public dataset: Solar Panel Data, Jaipur rooftop plant (Mendeley Data)",439.2,True,3.4051,6.7394,0.50525,28.07,14.69,390.38856,1.12503,False,0.78739,307.38956,1.42881,1.10304,False,0.0,False
2022-08-06,"Public dataset: Solar Panel Data, Jaipur rooftop plant (Mendeley Data)",585.6,True,6.0991,6.8633,0.88865,28.6,1.84,678.91751,0.86255,True,0.78881,535.54013,1.09348,1.10304,False,0.0,False
2022-08-07,"Public dataset: Solar Panel Data, Jaipur rooftop plant (Mendeley Data)",197.3,True,3.2527,6.5297,0.49814,27.74,8.79,373.95712,0.5276,False,0.79024,295.51422,0.66765,1.10545,False,0.0,False
2022-08-08,"Public dataset: Solar Panel Data, Jaipur rooftop plant (Mendeley Data)",638.2,True,6.4944,6.8035,0.95457,27.92,5.47,721.95367,0.88399,True,0.79166,571.53926,1.11663,1.10786,False,0.0,False
2022-08-09,"Public dataset: Solar Panel Data, Jaipur rooftop plant (Mendeley Data)",509.9,True,5.5459,6.9514,0.79781,27.8,6.74,622.79411,0.81873,False,0.79308,493.92385,1.03235,1.11028,False,0.0,False
2022-08-10,"Public dataset: Solar Panel Data, Jaipur rooftop plant (Mendeley Data)",622.7,True,6.3406,6.9876,0.90741,28.37,0.23,704.44787,0.88395,True,0.7945,559.68251,1.1126,1.11269,False,0.0,False
2022-08-11,"Public dataset: Solar Panel Data, Jaipur rooftop plant (Mendeley Data)",196.3,True,2.4197,6.9775,0.34679,25.91,1.34,282.57196,0.69469,False,0.79592,224.90438,0.87282,1.11511,False,0.0,False
2022-08-12,"Public dataset: Solar Panel Data, Jaipur rooftop plant (Mendeley Data)",391.9,True,3.0694,7.1477,0.42942,27.0,5.01,354.52503,1.10542,False,0.79734,282.67692,1.38639,1.11752,False,0.0,False
2022-08-13,"Public dataset: Solar Panel Data, Jaipur rooftop plant (Mendeley Data)",545.4,True,4.1878,7.0951,0.59024,26.86,7.92,478.55234,1.13969,False,0.79876,382.24878,1.42682,1.11993,False,0.0,False
2022-08-14,"Public dataset: Solar Panel Data, Jaipur rooftop plant (Mendeley Data)",227.0,True,2.653,7.1196,0.37263,27.24,19.05,307.36815,0.73853,False,0.80018,245.9503,0.92295,1.12235,False,0.0,False
2022-08-15,"Public dataset: Solar Panel Data, Jaipur rooftop plant (Mendeley Data)",479.9,True,4.6608,6.8597,0.67945,27.0,4.86,529.65537,0.90606,False,0.8016,424.57299,1.13031,1.12476,False,0.0,False
2022-08-16,"Public dataset: Solar Panel Data, Jaipur rooftop plant (Mendeley Data)",137.8,True,2.1811,6.7322,0.32398,26.18,18.03,254.97534,0.54044,False,0.80302,204.75111,0.67301,1.12718,False,0.0,False
2022-08-17,"Public dataset: Solar Panel Data, Jaipur rooftop plant (Mendeley Data)",430.3,True,4.1232,6.9986,0.58915,26.62,7.33,471.81002,0.91202,False,0.80444,379.54476,1.13373,1.12959,False,0.0,False
2022-08-18,"Public dataset: Solar Panel Data, Jaipur rooftop plant (Mendeley Data)",559.0,True,4.861,6.8846,0.70607,26.77,1.17,551.66374,1.0133,False,0.80586,444.56643,1.2574,1.13201,False,0.0,False
2022-08-19,"Public dataset: Solar Panel Data, Jaipur rooftop plant (Mendeley Data)",567.9,True,4.8396,6.6391,0.72895,27.1,0.92,548.53781,1.0353,False,0.80729,442.82675,1.28244,1.13442,False,0.0,False
2022-08-20,"Public dataset: Solar Panel Data, Jaipur rooftop plant (Mendeley Data)",415.3,True,4.3812,5.8104,0.75403,26.99,1.0,499.11382,0.83207,False,0.80871,403.63663,1.0289,1.13683,False,0.0,False
2022-08-21,"Public dataset: Solar Panel Data, Jaipur rooftop plant (Mendeley Data)",424.7,True,4.9913,6.7082,0.74406,27.31,5.74,564.23408,0.7527,False,0.81013,457.1015,0.92912,1.13925,False,0.0,False
2022-08-22,"Public dataset: Solar Panel Data, Jaipur rooftop plant (Mendeley Data)",232.1,True,2.2085,6.5698,0.33616,27.07,17.77,257.10024,0.90276,False,0.81155,208.64926,1.11239,1.14166,False,0.0,False
2022-08-23,"Public dataset: Solar Panel Data, Jaipur rooftop plant (Mendeley Data)",187.7,True,2.0806,6.7682,0.30741,26.55,7.36,243.03267,0.77232,False,0.81297,197.57805,0.95,1.14408,False,0.0,False
2022-08-24,"Public dataset: Solar Panel Data, Jaipur rooftop plant (Mendeley Data)",599.2,True,4.0198,6.7282,0.59746,25.57,0.77,462.23384,1.29631,False,0.81439,376.4386,1.59176,1.14649,False,0.0,False
2022-08-25,"Public dataset: Solar Panel Data, Jaipur rooftop plant (Mendeley Data)",209.6,True,3.289,6.671,0.49303,25.89,0.2,380.50172,0.55085,False,0.81581,310.41741,0.67522,1.08872,False,0.0,False
2022-08-26,"Public dataset: Solar Panel Data, Jaipur rooftop plant (Mendeley Data)",608.9,True,4.1834,6.6317,0.63082,26.05,0.01,479.19341,1.27068,False,0.81723,391.61203,1.55486,1.08872,False,0.0,False
2022-08-27,"Public dataset: Solar Panel Data, Jaipur rooftop plant (Mendeley Data)",551.0,True,5.8894,6.5376,0.90085,26.15,0.03,662.35666,0.83188,True,0.81865,542.23994,1.01616,1.07958,False,0.0,False
2022-08-28,"Public dataset: Solar Panel Data, Jaipur rooftop plant (Mendeley Data)",619.5,True,5.5536,6.5081,0.85334,25.94,0.0,627.28708,0.98759,True,0.82007,514.42142,1.20427,1.07045,False,0.0,False
2022-08-29,"Public dataset: Solar Panel Data, Jaipur rooftop plant (Mendeley Data)",617.6,True,5.4372,6.2455,0.87058,26.39,0.02,613.64513,1.00644,True,0.82149,504.10591,1.22514,1.0433,False,0.0,False
2022-08-30,"Public dataset: Solar Panel Data, Jaipur rooftop plant (Mendeley Data)",410.6,True,4.7561,6.2489,0.76111,27.1,6.0,538.9556,0.76184,False,0.82292,443.51467,0.92579,1.06335,False,0.0,False
2022-08-31,"Public dataset: Solar Panel Data, Jaipur rooftop plant (Mendeley Data)",600.6,True,6.0038,6.4205,0.9351,27.83,0.02,669.21528,0.89747,True,0.82434,551.65817,1.08872,1.03975,False,0.0,False
2022-09-01,"Public dataset: Solar Panel Data, Jaipur rooftop plant (Mendeley Data)",419.6,True,5.9278,6.5256,0.90839,28.52,2.84,659.23155,0.6365,True,0.82576,544.36489,0.77081,1.03773,False,0.0,False
2022-09-02,"Public dataset: Solar Panel Data, Jaipur rooftop plant (Mendeley Data)",347.3,True,4.1767,6.5402,0.63862,28.06,5.37,474.13023,0.7325,False,0.82718,392.1899,0.88554,1.05054,False,0.0,False
2022-09-03,"Public dataset: Solar Panel Data, Jaipur rooftop plant (Mendeley Data)",627.2,True,6.3715,6.6317,0.96076,27.82,0.01,707.1253,0.88697,True,0.8286,585.92291,1.07045,1.06335,False,0.0,False
2022-09-04,"Public dataset: Solar Panel Data, Jaipur rooftop plant (Mendeley Data)",596.0,True,6.4092,6.8858,0.93079,27.24,0.02,712.69817,0.83626,True,0.83002,591.55322,1.00752,1.0669,False,0.0,False
2022-09-05,"Public dataset: Solar Panel Data, Jaipur rooftop plant (Mendeley Data)",561.2,True,6.0852,6.5796,0.92486,27.37,0.01,678.57122,0.82703,True,0.83144,564.19133,0.9947,1.05054,False,0.0,False
2022-09-06,"Public dataset: Solar Panel Data, Jaipur rooftop plant (Mendeley Data)",580.2,True,5.8802,6.4865,0.90653,28.06,0.0,655.13034,0.88563,True,0.83286,545.63248,1.06335,1.03773,False,0.0,False
2022-09-07,"Public dataset: Solar Panel Data, Jaipur rooftop plant (Mendeley Data)",537.7,True,5.85,6.4927,0.90101,28.48,0.0,650.71088,0.82633,True,0.83428,542.87625,0.99047,1.03773,False,0.0,False
2022-09-08,"Public dataset: Solar Panel Data, Jaipur rooftop plant (Mendeley Data)",560.5,True,5.8169,6.1159,0.95111,28.79,0.0,646.30821,0.86723,True,0.8357,540.12149,1.03773,1.02262,False,0.0,False
2022-09-09,"Public dataset: Solar Panel Data, Jaipur rooftop plant (Mendeley Data)",571.7,True,5.5198,5.7403,0.96159,28.73,0.16,615.37,0.92903,True,0.83712,515.14069,1.10979,1.04604,False,0.0,False
2022-09-10,"Public dataset: Solar Panel Data, Jaipur rooftop plant (Mendeley Data)",508.6,True,4.9205,5.3616,0.91773,28.58,0.2,552.44036,0.92064,True,0.83854,463.24574,1.09791,1.03773,False,0.0,False
2022-09-11,"Public dataset: Solar Panel Data, Jaipur rooftop plant (Mendeley Data)",511.3,True,4.7362,5.8176,0.81412,27.73,0.97,534.68654,0.95626,False,0.83997,449.11809,1.13845,1.02009,False,0.0,False
2022-09-12,"Public dataset: Solar Panel Data, Jaipur rooftop plant (Mendeley Data)",562.0,True,5.971,6.3974,0.93335,27.84,0.14,664.65328,0.84555,True,0.84139,559.22999,1.00495,1.02009,False,0.0,False
2022-09-13,"Public dataset: Solar Panel Data, Jaipur rooftop plant (Mendeley Data)",400.6,True,4.2612,6.2959,0.67682,28.04,0.22,482.80683,0.82973,False,0.84281,406.91292,0.98449,1.02009,False,0.0,False
2022-09-14,"Public dataset: Solar Panel Data, Jaipur rooftop plant (Mendeley Data)",332.3,True,3.3934,6.091,0.55712,27.19,5.37,389.45524,0.85324,False,0.84423,328.78891,1.01068,1.01432,False,0.0,False
2022-09-15,"Public dataset: Solar Panel Data, Jaipur rooftop plant (Mendeley Data)",477.6,True,4.423,6.1435,0.71995,27.44,0.82,501.42638,0.95248,False,0.84565,424.03051,1.12633,1.02009,False,0.0,False
2022-09-16,"Public dataset: Solar Panel Data, Jaipur rooftop plant (Mendeley Data)",560.7,True,5.6285,5.9366,0.9481,27.71,1.16,628.89728,0.89156,True,0.8456,531.79775,1.05435,1.01432,False,0.0,False
2022-09-17,"Public dataset: Solar Panel Data, Jaipur rooftop plant (Mendeley Data)",593.0,True,6.1961,6.3866,0.97017,27.83,0.58,687.50252,0.86254,True,0.84556,581.32358,1.02009,1.00855,False,0.0,False
2022-09-18,"Public dataset: Solar Panel Data, Jaipur rooftop plant (Mendeley Data)",587.7,True,6.2242,6.4579,0.96381,28.2,0.04,689.1901,0.85274,True,0.84551,582.71947,1.00855,1.00495,False,0.0,False
2022-09-19,"Public dataset: Solar Panel Data, Jaipur rooftop plant (Mendeley Data)",488.8,True,6.0948,6.3612,0.95812,28.82,0.88,673.92437,0.7253,True,0.84547,569.78173,0.85787,1.00495,False,0.0,False
2022-09-20,"Public dataset: Solar Panel Data, Jaipur rooftop plant (Mendeley Data)",438.0,True,5.3856,6.0871,0.88476,28.66,2.1,600.59568,0.72928,True,0.84542,507.75759,0.86262,1.00855,False,0.0,False
2022-09-21,"Public dataset: Solar Panel Data, Jaipur rooftop plant (Mendeley Data)",480.9,True,4.9337,5.9707,0.82632,27.74,8.53,555.094,0.86634,False,0.84538,469.26439,1.0248,1.00801,False,0.0,False
2022-09-22,"Public dataset: Solar Panel Data, Jaipur rooftop plant (Mendeley Data)",0.0,True,3.1678,5.5608,0.56967,26.87,9.71,364.70618,0.0,False,0.84533,308.29824,0.0,1.00855,False,0.0,True
2022-09-23,"Public dataset: Solar Panel Data, Jaipur rooftop plant (Mendeley Data)",0.0,True,2.2934,5.4317,0.42223,26.74,30.53,266.68056,0.0,False,0.84529,225.42191,0.0,1.01432,False,0.0,False
2022-09-24,"Public dataset: Solar Panel Data, Jaipur rooftop plant (Mendeley Data)",322.5,True,3.4217,5.833,0.58661,26.17,24.62,393.93057,0.81867,False,0.84524,332.96709,0.96856,1.00801,False,0.0,False
2022-09-25,"Public dataset: Solar Panel Data, Jaipur rooftop plant (Mendeley Data)",510.8,True,5.7298,6.1169,0.93672,26.37,0.05,642.348,0.79521,True,0.8452,542.91126,0.94085,0.97416,False,0.0,False
2022-09-26,"Public dataset: Solar Panel Data, Jaipur rooftop plant (Mendeley Data)",0.0,True,5.28,5.8858,0.89707,27.34,1.22,592.38284,0.0,True,0.84515,500.65412,0.0,0.97416,False,0.0,True
2022-09-27,"Public dataset: Solar Panel Data, Jaipur rooftop plant (Mendeley Data)",538.6,True,5.5073,5.9906,0.91932,27.61,0.04,615.49842,0.87506,True,0.84511,520.16258,1.03545,0.97856,False,0.0,False
2022-09-28,"Public dataset: Solar Panel Data, Jaipur rooftop plant (Mendeley Data)",562.9,True,5.9542,6.1913,0.9617,27.89,0.01,661.16515,0.85138,True,0.84506,558.72611,1.00747,0.97856,False,0.0,False
2022-09-29,"Public dataset: Solar Panel Data, Jaipur rooftop plant (Mendeley Data)",554.7,True,5.3246,6.1819,0.86132,27.88,0.0,595.45878,0.93155,True,0.84502,503.17327,1.1024,1.00747,False,0.0,False
2022-09-30,"Public dataset: Solar Panel Data, Jaipur rooftop plant (Mendeley Data)",573.8,True,5.959,6.24,0.95497,27.9,0.0,661.4258,0.86752,True,0.84497,558.88678,1.02668,1.00747,False,0.0,False
2022-10-01,"Public dataset: Solar Panel Data, Jaipur rooftop plant (Mendeley Data)",522.9,True,5.9306,6.2515,0.94867,28.11,0.0,657.78772,0.79494,True,0.84493,555.78306,0.94083,1.00747,False,0.0,False
2022-10-02,"Public dataset: Solar Panel Data, Jaipur rooftop plant (Mendeley Data)",514.0,True,5.8286,6.2143,0.93793,27.98,0.0,647.49946,0.79382,True,0.84488,547.06105,0.93957,1.00747,False,0.0,False
2022-10-03,"Public dataset: Solar Panel Data, Jaipur rooftop plant (Mendeley Data)",563.5,True,5.8613,6.1606,0.95142,27.54,0.0,652.02281,0.86423,True,0.84484,550.85337,1.02296,1.02296,False,0.0,False
2022-10-04,"Public dataset: Solar Panel Data, Jaipur rooftop plant (Mendeley Data)",516.8,True,5.772,5.91,0.97665,26.99,0.0,644.17727,0.80226,True,0.84479,544.19614,0.94966,1.01641,False,0.0,False
2022-10-05,"Public dataset: Solar Panel Data, Jaipur rooftop plant (Mendeley Data)",476.1,True,5.3899,5.586,0.96489,27.15,0.1,603.68851,0.78865,True,0.84475,509.96434,0.93359,1.01641,False,0.0,False
2022-10-06,"Public dataset: Solar Panel Data, Jaipur rooftop plant (Mendeley Data)",545.6,True,5.5217,5.61,0.98426,25.82,0.14,620.94491,0.87866,True,0.8447,524.51366,1.0402,1.02482,False,0.0,False
2022-10-07,"Public dataset: Solar Panel Data, Jaipur rooftop plant (Mendeley Data)",285.8,True,3.0216,5.3772,0.56193,24.37,3.77,351.65451,0.81273,False,0.84466,297.02757,0.9622,1.02482,False,0.0,False
2022-10-08,"Public dataset: Solar Panel Data, Jaipur rooftop plant (Mendeley Data)",56.4,True,1.4455,5.3338,0.27101,23.32,38.37,171.90722,,False,0.84461,145.19495,,1.02492,False,0.0,False
2022-10-09,"Public dataset: Solar Panel Data, Jaipur rooftop plant (Mendeley Data)",266.7,True,2.551,5.2939,0.48188,25.23,4.05,297.3525,0.89692,False,0.84457,251.13418,1.06198,1.02492,False,0.0,False
2022-10-10,"Public dataset: Solar Panel Data, Jaipur rooftop plant (Mendeley Data)",514.0,True,5.0462,5.6278,0.89666,25.7,0.07,570.56758,0.90086,True,0.84452,481.85698,1.06671,1.03015,False,0.0,False
2022-10-11,"Public dataset: Solar Panel Data, Jaipur rooftop plant (Mendeley Data)",512.2,True,5.34,5.8296,0.91601,26.11,2.86,600.60078,0.85281,True,0.84448,507.19362,1.00987,1.03574,False,0.0,False
2022-10-12,"Public dataset: Solar Panel Data, Jaipur rooftop plant (Mendeley Data)",573.4,True,5.647,5.958,0.9478,23.86,0.41,638.86241,0.89753,True,0.84443,539.47591,1.06288,1.03913,False,0.0,False
2022-10-13,"Public dataset: Solar Panel Data, Jaipur rooftop plant (Mendeley Data)",566.3,True,5.4754,5.8874,0.93002,23.74,0.0,620.90837,0.91205,True,0.84439,524.28697,1.08013,1.03975,False,0.0,False
2022-10-14,"Public dataset: Solar Panel Data, Jaipur rooftop plant (Mendeley Data)",559.0,True,5.489,5.8824,0.93312,23.43,0.0,623.07931,0.89716,True,0.84434,526.09201,1.06255,1.03869,False,0.0,False
2022-10-15,"Public dataset: Solar Panel Data, Jaipur rooftop plant (Mendeley Data)",536.3,True,5.4578,5.8301,0.93614,23.85,0.0,618.57321,0.867,True,0.8443,522.25945,1.02688,1.03806,False,0.0,False
2022-10-16,"Public dataset: Solar Panel Data, Jaipur rooftop plant (Mendeley Data)",501.7,True,5.3323,5.7533,0.92682,22.81,0.0,607.81118,0.82542,True,0.84492,513.55136,0.97692,1.03705,False,0.0,False
2022-10-17,"Public dataset: Solar Panel Data, Jaipur rooftop plant (Mendeley Data)",548.8,True,5.5282,5.7024,0.96945,23.02,0.0,628.05825,0.8738,True,0.84554,531.04934,1.03343,1.03603,False,0.0,False
2022-10-18,"Public dataset: Solar Panel Data, Jaipur rooftop plant (Mendeley Data)",514.4,True,5.1298,5.7274,0.89566,22.94,0.0,585.62858,0.87837,True,0.84616,495.53775,1.03806,1.03343,False,0.0,False
2022-10-19,"Public dataset: Solar Panel Data, Jaipur rooftop plant (Mendeley Data)",529.4,True,5.2022,5.64,0.92238,22.87,0.0,593.48723,0.89202,True,0.84679,502.55679,1.05341,1.03343,False,0.0,False
2022-10-20,"Public dataset: Solar Panel Data, Jaipur rooftop plant (Mendeley Data)",535.8,True,5.345,5.575,0.95874,22.99,0.0,608.36797,0.88072,True,0.84741,515.5362,1.03931,1.02688,False,0.0,False
2022-10-21,"Public dataset: Solar Panel Data, Jaipur rooftop plant (Mendeley Data)",526.6,True,5.2634,5.5133,0.95467,23.07,0.0,599.37046,0.87859,True,0.84803,508.28463,1.03603,1.0248,False,0.0,False
2022-10-22,"Public dataset: Solar Panel Data, Jaipur rooftop plant (Mendeley Data)",497.7,True,5.292,5.3772,0.98416,22.85,0.0,602.9009,0.82551,True,0.84865,511.65375,0.97273,1.02418,False,0.0,False
2022-10-23,"Public dataset: Solar Panel Data, Jaipur rooftop plant (Mendeley Data)",505.7,True,5.0666,5.3594,0.94537,21.88,0.0,581.03872,0.87034,True,0.84928,493.46194,1.0248,0.99763,False,0.0,False
2022-10-24,"Public dataset: Solar Panel Data, Jaipur rooftop plant (Mendeley Data)",485.2,True,5.2685,5.3518,0.98444,22.2,0.0,601.87093,0.80615,True,0.8499,511.52878,0.94853,1.00659,False,0.0,False
2022-10-25,"Public dataset: Solar Panel Data, Jaipur rooftop plant (Mendeley Data)",500.5,True,5.3306,5.4473,0.97858,23.43,0.0,605.28882,0.82688,True,0.85052,514.81032,0.9722,0.99763,False,0.0,False
2022-10-26,"Public dataset: Solar Panel Data, Jaipur rooftop plant (Mendeley Data)",502.7,True,5.2171,5.4216,0.96228,23.87,0.0,592.02029,0.84913,True,0.85114,503.8936,0.99763,0.99763,False,0.0,False
2022-10-27,"Public dataset: Solar Panel Data, Jaipur rooftop plant (Mendeley Data)",492.3,True,4.9711,5.2649,0.9442,24.44,0.0,564.32965,0.87236,True,0.85176,480.67612,1.02418,0.98172,False,0.0,False
2022-10-28,"Public dataset: Solar Panel Data, Jaipur rooftop plant (Mendeley Data)",461.7,True,4.866,5.1737,0.94053,24.99,0.0,551.73989,0.83681,True,0.85239,470.29596,0.98172,0.98172,False,0.0,False
2022-10-29,"Public dataset: Solar Panel Data, Jaipur rooftop plant (Mendeley Data)",462.2,True,4.9238,5.0678,0.97159,23.0,0.0,562.5405,0.82163,True,0.85301,479.85235,0.96321,0.98172,False,0.0,False
2022-10-30,"Public dataset: Solar Panel Data, Jaipur rooftop plant (Mendeley Data)",353.6,True,4.5554,4.8746,0.93452,23.27,0.0,522.089,0.67728,True,0.85363,445.67174,0.79341,0.98172,False,0.0,False
2022-10-31,"Public dataset: Solar Panel Data, Jaipur rooftop plant (Mendeley Data)",464.8,True,4.7479,4.8886,0.97122,24.28,0.0,540.53752,0.85988,True,0.85425,461.75637,1.00659,0.9722,False,0.0,False
2022-11-01,"Public dataset: Solar Panel Data, Jaipur rooftop plant (Mendeley Data)",137.9,True,4.523,4.8144,0.93947,23.38,0.0,518.22192,0.2661,True,0.85488,443.01568,0.31128,0.97696,False,0.0,False
2022-11-02,"Public dataset: Solar Panel Data, Jaipur rooftop plant (Mendeley Data)",478.1,True,4.7969,4.9022,0.97852,22.98,0.0,548.65913,0.8714,True,0.8555,469.37718,1.01858,0.98348,False,0.0,False
2022-11-03,"Public dataset: Solar Panel Data, Jaipur rooftop plant (Mendeley Data)",376.5,True,4.3229,4.4664,0.96787,24.48,0.0,494.09572,0.762,True,0.85612,423.00573,0.89006,0.98348,False,0.0,False
2022-11-04,"Public dataset: Solar Panel Data, Jaipur rooftop plant (Mendeley Data)",459.7,True,4.7942,5.0062,0.95765,24.56,0.0,544.60587,0.8441,True,0.85674,466.58746,0.98524,0.98348,False,0.0,False
2022-11-05,"Public dataset: Solar Panel Data, Jaipur rooftop plant (Mendeley Data)",452.6,True,4.5907,5.0606,0.90715,24.48,0.0,522.89697,0.86556,True,0.85737,448.31391,1.00956,0.99303,False,0.0,False
2022-11-06,"Public dataset: Solar Panel Data, Jaipur rooftop plant (Mendeley Data)",428.1,True,4.5139,4.8701,0.92686,24.33,0.0,514.89871,0.83143,True,0.85799,441.77691,0.96904,1.0037,False,0.0,False
2022-11-07,"Public dataset: Solar Panel Data, Jaipur rooftop plant (Mendeley Data)",201.7,True,4.0721,4.4026,0.92493,24.69,0.0,466.24686,0.4326,True,0.85861,400.32436,0.50384,1.0037,False,0.0,False
2022-11-08,"Public dataset: Solar Panel Data, Jaipur rooftop plant (Mendeley Data)",336.1,True,3.0706,4.0138,0.76501,24.04,2.11,356.77799,0.94204,False,0.85923,306.55529,1.09638,1.00519,False,0.0,False
2022-11-09,"Public dataset: Solar Panel Data, Jaipur rooftop plant (Mendeley Data)",425.5,True,3.6905,3.9706,0.92946,22.75,1.32,427.87424,0.99445,True,0.85985,367.90979,1.15653,1.00519,False,0.0,False
2022-11-10,"Public dataset: Solar Panel Data, Jaipur rooftop plant (Mendeley Data)",411.2,True,3.755,4.0438,0.92858,22.81,5.33,434.87068,0.94557,True,0.86048,374.19634,1.09889,0.99303,False,0.0,False
2022-11-11,"Public dataset: Solar Panel Data, Jaipur rooftop plant (Mendeley Data)",400.1,True,3.9874,4.1078,0.97069,20.82,0.55,464.26056,0.8618,True,0.8611,399.77459,1.00081,0.99303,False,0.0,False
2022-11-12,"Public dataset: Solar Panel Data, Jaipur rooftop plant (Mendeley Data)",463.1,True,4.0027,4.1143,0.97288,21.23,0.0,465.12867,0.99564,True,0.86172,400.81158,1.15541,0.98907,False,0.0,False
2022-11-13,"Public dataset: Solar Panel Data, Jaipur rooftop plant (Mendeley Data)",478.1,True,4.331,4.5593,0.94993,21.6,0.0,500.47174,0.9553,True,0.86234,431.57893,1.10779,0.97318,True,0.02682,False
2022-11-14,"Public dataset: Solar Panel Data, Jaipur rooftop plant (Mendeley Data)",209.0,True,4.2653,4.3673,0.97664,20.42,0.0,495.64477,0.42167,True,0.86297,427.72487,0.48863,0.9729,True,0.0271,False
2022-11-15,"Public dataset: Solar Panel Data, Jaipur rooftop plant (Mendeley Data)",424.3,True,4.0819,4.2283,0.96538,20.83,0.0,474.54214,0.89413,True,0.86359,409.80932,1.03536,0.9729,True,0.0271,False
2022-11-16,"Public dataset: Solar Panel Data, Jaipur rooftop plant (Mendeley Data)",116.7,True,4.103,4.1856,0.98027,19.71,0.0,479.03971,0.24361,True,0.86389,413.83778,0.28199,0.96847,True,0.03153,False
2022-11-17,"Public dataset: Solar Panel Data, Jaipur rooftop plant (Mendeley Data)",351.5,True,4.5077,4.6262,0.97439,19.01,0.0,525.18546,0.66929,True,0.86419,453.86097,0.77447,0.96453,True,0.03547,False
2022-11-18,"Public dataset: Solar Panel Data, Jaipur rooftop plant (Mendeley Data)",448.9,True,4.6267,4.7431,0.97546,18.95,0.0,538.35748,0.83383,True,0.86449,465.40643,0.96453,0.924,True,0.076,False
2022-11-19,"Public dataset: Solar Panel Data, Jaipur rooftop plant (Mendeley Data)",448.6,True,4.5365,4.6586,0.97379,17.86,0.0,530.76899,0.84519,True,0.86479,459.00623,0.97733,0.90568,True,0.09432,False
2022-11-20,"Public dataset: Solar Panel Data, Jaipur rooftop plant (Mendeley Data)",428.8,True,4.3733,4.435,0.98609,18.26,0.0,511.80504,0.83782,True,0.8651,442.76061,0.96847,0.89161,True,0.10839,False
2022-11-21,"Public dataset: Solar Panel Data, Jaipur rooftop plant (Mendeley Data)",402.9,True,4.4148,4.4753,0.98648,19.35,0.0,514.05099,0.78377,True,0.8654,444.85853,0.90568,0.88257,True,0.11743,False
2022-11-22,"Public dataset: Solar Panel Data, Jaipur rooftop plant (Mendeley Data)",279.2,True,4.5149,4.572,0.98751,18.52,0.0,526.82111,0.52997,True,0.8657,456.06859,0.61219,0.88257,True,0.11743,False
2022-11-23,"Public dataset: Solar Panel Data, Jaipur rooftop plant (Mendeley Data)",268.9,True,4.6685,4.7328,0.98641,18.31,0.0,544.15045,0.49416,True,0.866,471.23462,0.57063,0.88257,True,0.11743,False
2022-11-24,"Public dataset: Solar Panel Data, Jaipur rooftop plant (Mendeley Data)",443.7,True,4.771,4.7988,0.99421,18.77,0.0,554.30301,0.80046,True,0.8663,480.19385,0.924,0.88257,True,0.11743,False
2022-11-25,"Public dataset: Solar Panel Data, Jaipur rooftop plant (Mendeley Data)",418.5,True,4.717,4.7431,0.9945,19.29,0.0,547.17335,0.76484,True,0.8666,474.18236,0.88257,0.89161,True,0.10839,False
2022-11-26,"Public dataset: Solar Panel Data, Jaipur rooftop plant (Mendeley Data)",409.6,True,4.5859,4.6697,0.98205,20.59,0.0,529.92474,0.77294,True,0.86691,459.39441,0.89161,0.89161,True,0.10839,False
2022-11-27,"Public dataset: Solar Panel Data, Jaipur rooftop plant (Mendeley Data)",392.4,True,4.5259,4.6207,0.97948,19.21,0.0,526.34165,0.74552,True,0.86721,456.44689,0.85968,0.89161,True,0.10839,False
2022-11-28,"Public dataset: Solar Panel Data, Jaipur rooftop plant (Mendeley Data)",236.9,True,4.3541,4.4275,0.98342,17.71,0.0,510.53624,0.46402,True,0.86751,442.89424,0.53489,0.88709,True,0.11291,False
2022-11-29,"Public dataset: Solar Panel Data, Jaipur rooftop plant (Mendeley Data)",247.5,True,3.9898,4.1016,0.97274,18.37,0.0,468.61507,0.52815,True,0.86781,406.66857,0.6086,0.88257,True,0.11743,False
2022-11-30,"Public dataset: Solar Panel Data, Jaipur rooftop plant (Mendeley Data)",413.6,True,4.0421,4.1357,0.97737,17.63,0.0,475.86417,0.86916,True,0.86811,413.10286,1.0012,0.88709,True,0.11291,False
2022-12-01,"Public dataset: Solar Panel Data, Jaipur rooftop plant (Mendeley Data)",313.2,True,4.1702,4.1722,0.99952,18.26,0.0,488.88955,0.64064,True,0.86841,424.55772,0.73771,0.89161,True,0.10839,False
2022-12-02,"Public dataset: Solar Panel Data, Jaipur rooftop plant (Mendeley Data)",384.1,True,4.205,4.2151,0.9976,17.13,0.0,495.01379,0.77594,True,0.86871,430.02531,0.8932,0.88709,True,0.11291,False
2022-12-03,"Public dataset: Solar Panel Data, Jaipur rooftop plant (Mendeley Data)",365.6,True,3.9674,3.9806,0.99668,17.42,0.0,467.82725,0.78149,True,0.86902,406.54903,0.89928,0.89161,True,0.10839,False
2022-12-04,"Public dataset: Solar Panel Data, Jaipur rooftop plant (Mendeley Data)",388.3,True,3.8834,3.8933,0.99746,18.13,0.0,457.04916,0.84958,True,0.86932,397.32048,0.9773,0.87644,True,0.12356,False
2022-12-05,"Public dataset: Solar Panel Data, Jaipur rooftop plant (Mendeley Data)",0.0,True,3.8954,3.917,0.99449,17.67,0.0,459.23517,0.0,True,0.86962,399.35926,0.0,0.8932,True,0.1068,True
2022-12-06,"Public dataset: Solar Panel Data, Jaipur rooftop plant (Mendeley Data)",0.0,True,4.1402,4.1578,0.99577,16.61,0.0,488.7174,0.0,True,0.86992,425.14488,0.0,0.89624,True,0.10376,True
2022-12-07,"Public dataset: Solar Panel Data, Jaipur rooftop plant (Mendeley Data)",0.0,True,4.4011,4.4035,0.99945,16.26,0.0,518.57257,0.0,True,0.87022,451.27281,0.0,0.89928,True,0.10072,True
2022-12-08,"Public dataset: Solar Panel Data, Jaipur rooftop plant (Mendeley Data)",0.0,True,4.289,4.2907,0.9996,18.11,0.0,502.23202,0.0,True,0.87052,437.20432,0.0,0.89624,True,0.10376,True
2022-12-09,"Public dataset: Solar Panel Data, Jaipur rooftop plant (Mendeley Data)",0.0,True,4.3294,4.3394,0.9977,18.17,0.0,506.56688,0.0,True,0.87082,441.13063,0.0,0.89161,True,0.10839,True
2022-12-10,"Public dataset: Solar Panel Data, Jaipur rooftop plant (Mendeley Data)",0.0,True,4.069,4.0877,0.99543,18.38,0.0,477.20869,0.0,True,0.87113,415.70867,0.0,0.88709,True,0.11291,True
2022-12-11,"Public dataset: Solar Panel Data, Jaipur rooftop plant (Mendeley Data)",0.0,True,3.925,3.9415,0.99581,18.29,0.0,461.29693,0.0,True,0.87143,401.9866,0.0,0.89161,True,0.10839,True
2022-12-12,"Public dataset: Solar Panel Data, Jaipur rooftop plant (Mendeley Data)",0.0,True,3.9538,3.9665,0.9968,18.57,0.0,463.97375,0.0,True,0.87173,404.45912,0.0,0.87644,True,0.12356,True
2022-12-13,"Public dataset: Solar Panel Data, Jaipur rooftop plant (Mendeley Data)",0.0,True,4.0229,4.0426,0.99513,17.68,0.0,473.38714,0.0,True,0.87203,412.80776,0.0,0.8932,True,0.1068,True
2022-12-14,"Public dataset: Solar Panel Data, Jaipur rooftop plant (Mendeley Data)",0.0,True,4.0843,4.0865,0.99946,16.74,0.0,482.08141,0.0,True,0.87233,420.53475,0.0,0.89624,True,0.10376,True
2022-12-15,"Public dataset: Solar Panel Data, Jaipur rooftop plant (Mendeley Data)",0.0,True,4.3349,4.3416,0.99846,16.76,0.0,510.03169,0.0,True,0.87263,445.07041,0.0,0.89928,True,0.10072,True
2022-12-16,"Public dataset: Solar Panel Data, Jaipur rooftop plant (Mendeley Data)",0.0,True,4.2619,4.3961,0.96947,16.8,0.0,501.8053,0.0,True,0.87293,438.04307,0.0,0.89624,True,0.10376,True
2022-12-17,"Public dataset: Solar Panel Data, Jaipur rooftop plant (Mendeley Data)",0.0,True,4.3997,4.41,0.99766,16.97,0.0,516.78347,0.0,True,0.87324,451.27382,0.0,,False,0.0,True
2022-12-18,"Public dataset: Solar Panel Data, Jaipur rooftop plant (Mendeley Data)",0.0,True,4.2931,4.2953,0.99949,17.85,0.0,503.10941,0.0,True,0.87354,439.48481,0.0,,False,0.0,True
2022-12-19,"Public dataset: Solar Panel Data, Jaipur rooftop plant (Mendeley Data)",0.0,True,4.1556,4.2617,0.9751,16.96,0.0,489.59866,0.0,True,0.87384,427.83027,0.0,,False,0.0,True
2022-12-20,"Public dataset: Solar Panel Data, Jaipur rooftop plant (Mendeley Data)",0.0,True,4.2012,4.2214,0.99521,17.05,0.0,494.50927,0.0,True,0.87414,432.27043,0.0,,False,0.0,True
2022-12-21,"Public dataset: Solar Panel Data, Jaipur rooftop plant (Mendeley Data)",0.0,True,3.9482,3.9588,0.99732,15.14,0.0,469.80146,0.0,True,0.87444,410.81397,0.0,,False,0.0,True
2022-12-22,"Public dataset: Solar Panel Data, Jaipur rooftop plant (Mendeley Data)",0.0,True,3.8542,3.8585,0.99889,14.69,0.0,459.97653,0.0,True,0.87474,402.36131,0.0,,False,0.0,True
2022-12-23,"Public dataset: Solar Panel Data, Jaipur rooftop plant (Mendeley Data)",0.0,True,3.6854,3.6902,0.9987,14.68,0.0,440.75544,0.0,True,0.87504,385.68066,0.0,,False,0.0,True
2022-12-24,"Public dataset: Solar Panel Data, Jaipur rooftop plant (Mendeley Data)",0.0,True,3.6907,3.7104,0.99469,12.68,0.0,444.90692,0.0,True,0.87535,389.44752,0.0,,False,0.0,True
2022-12-25,"Public dataset: Solar Panel Data, Jaipur rooftop plant (Mendeley Data)",0.0,True,3.9427,4.1657,0.94647,12.21,0.0,474.73476,0.0,True,0.87565,415.70032,0.0,,False,0.0,True
2022-12-26,"Public dataset: Solar Panel Data, Jaipur rooftop plant (Mendeley Data)",0.0,True,4.074,4.0769,0.99929,12.52,0.0,489.167,0.0,True,0.87595,428.48534,0.0,,False,0.0,True
2022-12-27,"Public dataset: Solar Panel Data, Jaipur rooftop plant (Mendeley Data)",0.0,True,4.145,4.1513,0.99848,13.15,0.0,496.0188,0.0,True,0.87625,434.63669,0.0,,False,0.0,True
2022-12-28,"Public dataset: Solar Panel Data, Jaipur rooftop plant (Mendeley Data)",0.0,True,4.2458,4.2571,0.99735,15.37,0.0,502.94487,0.0,True,0.87655,440.85729,0.0,,False,0.0,True
2022-12-29,"Public dataset: Solar Panel Data, Jaipur rooftop plant (Mendeley Data)",0.0,True,3.9269,4.1671,0.94236,15.93,0.0,465.94133,0.0,True,0.87685,408.56223,0.0,,False,0.0,True
2022-12-30,"Public dataset: Solar Panel Data, Jaipur rooftop plant (Mendeley Data)",0.0,True,3.9029,4.044,0.96511,16.96,0.0,461.31056,0.0,True,0.87715,404.6408,0.0,,False,0.0,True
2022-12-31,"Public dataset: Solar Panel Data, Jaipur rooftop plant (Mendeley Data)",0.0,True,3.5724,3.6298,0.98419,13.58,0.0,429.76512,0.0,True,0.87746,377.10011,0.0,,False,0.0,True
