Date,Energy (kWh)
2022-01-01,351.7
2022-01-02,401.7
2022-01-03,378.0
2022-01-04,373.5
2022-01-05,115.7
2022-01-06,48.7
2022-01-07,201.60000000000002
2022-01-08,173.1
2022-01-09,355.3
2022-01-10,489.9
2022-01-11,451.2
2022-01-12,341.1
2022-01-13,405.20000000000005
2022-01-14,349.90000000000003
2022-01-15,274.7
2022-01-16,334.0
2022-01-17,319.5
2022-01-18,413.0
2022-01-19,464.20000000000005
2022-01-20,448.6
2022-01-21,315.09999999999997
2022-01-22,290.0
2022-01-23,398.9
2022-01-24,466.7
2022-01-25,455.70000000000005
2022-01-26,505.70000000000005
2022-01-27,525.1999999999999
2022-01-28,526.1
2022-01-29,540.0
2022-01-30,536.6
2022-01-31,498.9
2022-02-01,495.1
2022-02-02,475.29999999999995
2022-02-03,439.1
2022-02-04,483.9
2022-02-05,531.7
2022-02-06,511.4
2022-02-07,122.1
2022-02-08,419.5
2022-02-09,445.9
2022-02-10,444.5
2022-02-11,556.9
2022-02-12,563.1999999999999
2022-02-13,362.20000000000005
2022-02-14,456.3
2022-02-15,545.3
2022-02-16,540.1
2022-02-17,508.40000000000003
2022-02-18,514.3
2022-02-19,514.6
2022-02-20,491.9
2022-02-21,214.3
2022-02-22,72.4
2022-02-23,488.1
2022-02-24,436.1
2022-02-25,538.6999999999999
2022-02-26,530.8
2022-02-27,537.7
2022-02-28,600.6999999999999
2022-03-01,538.9
2022-03-02,584.0
2022-03-03,571.4
2022-03-04,606.4
2022-03-05,624.1
2022-03-06,530.7
2022-03-07,588.6
2022-03-08,474.4
2022-03-09,588.7
2022-03-10,599.8
2022-03-11,626.7
2022-03-12,641.0
2022-03-13,590.9
2022-03-14,602.1
2022-03-15,619.6
2022-03-16,617.4
2022-03-17,621.1999999999999
2022-03-18,563.1
2022-03-19,592.7
2022-03-20,585.2
2022-03-21,626.5
2022-03-22,618.7
2022-03-23,575.1999999999999
2022-03-24,618.8
2022-03-25,636.4
2022-03-26,668.0
2022-03-27,673.4000000000001
2022-03-28,670.5999999999999
2022-03-29,671.5999999999999
2022-03-30,687.8000000000001
2022-03-31,658.1999999999999
2022-04-01,700.9000000000001
2022-04-02,666.3000000000001
2022-04-03,683.8
2022-04-04,504.6
2022-04-05,635.5
2022-04-06,624.1
2022-04-07,669.0
2022-04-08,714.9
2022-04-09,676.9
2022-04-10,679.0
2022-04-11,679.4
2022-04-12,478.6
2022-04-13,666.7
2022-04-14,548.5
2022-04-15,622.0
2022-04-16,686.8
2022-04-17,584.0
2022-04-18,689.3
2022-04-19,690.7
2022-04-20,636.0
2022-04-21,425.20000000000005
2022-04-22,626.9
2022-04-23,645.1999999999999
2022-04-24,653.1999999999999
2022-04-25,381.5
2022-04-26,548.1
2022-04-27,585.5
2022-04-28,656.4
2022-04-29,621.1999999999999
2022-04-30,646.8
2022-05-01,553.5
2022-05-02,642.7
2022-05-03,642.9
2022-05-04,589.1999999999999
2022-05-05,598.3
2022-05-06,501.40000000000003
2022-05-07,559.3000000000001
2022-05-08,367.7
2022-05-09,581.8
2022-05-10,541.7
2022-05-11,504.9
2022-05-12,514.0
2022-05-13,661.0
2022-05-14,563.5
2022-05-15,597.4000000000001
2022-05-16,542.8
2022-05-17,507.1
2022-05-18,415.5
2022-05-19,511.6
2022-05-20,537.1
2022-05-21,542.3
2022-05-22,251.0
2022-05-23,507.1
2022-05-24,550.5
2022-05-25,392.5
2022-05-26,551.5
2022-05-27,527.1
2022-05-28,343.2
2022-05-29,321.7
2022-05-30,550.1
2022-05-31,493.6
2022-06-01,539.0
2022-06-02,505.70000000000005
2022-06-03,509.6
2022-06-04,545.4
2022-06-05,554.3
2022-06-06,358.40000000000003
2022-06-07,485.2
2022-06-08,553.5
2022-06-09,461.6
2022-06-10,516.3
2022-06-11,533.1
2022-06-12,470.9
2022-06-13,307.7
2022-06-14,458.29999999999995
2022-06-15,438.6
2022-06-16,451.7
2022-06-17,452.0
2022-06-18,419.29999999999995
2022-06-19,221.8
2022-06-20,360.4
2022-06-21,568.2
2022-06-22,587.0
2022-06-23,584.0
2022-06-24,553.1
2022-06-25,570.4
2022-06-26,546.5
2022-06-27,508.2
2022-06-28,509.6
2022-06-29,471.7
2022-06-30,311.9
2022-07-01,250.2
2022-07-02,422.0
2022-07-03,346.6
2022-07-04,525.9
2022-07-05,387.79999999999995
2022-07-06,481.4
2022-07-07,683.4
2022-07-08,217.5
2022-07-09,395.2
2022-07-10,260.8
2022-07-11,515.8
2022-07-12,447.90000000000003
2022-07-13,556.2
2022-07-14,517.5
2022-07-15,576.3
2022-07-16,488.9
2022-07-17,442.2
2022-07-18,632.1
2022-07-19,391.70000000000005
2022-07-20,453.9
2022-07-21,543.2
2022-07-22,345.6
2022-07-23,142.4
2022-07-24,446.1
2022-07-25,551.6
2022-07-26,479.3
2022-07-27,388.9
2022-07-28,378.70000000000005
2022-07-29,521.1
2022-07-30,368.6
2022-07-31,472.0
2022-08-01,409.4
2022-08-02,416.70000000000005
2022-08-03,438.9
2022-08-04,376.1
2022-08-05,439.2
2022-08-06,585.6
2022-08-07,197.3
2022-08-08,638.2
2022-08-09,509.9
2022-08-10,622.7
2022-08-11,196.3
2022-08-12,391.9
2022-08-13,545.4
2022-08-14,227.0
2022-08-15,479.9
2022-08-16,137.8
2022-08-17,430.3
2022-08-18,559.0
2022-08-19,567.9
2022-08-20,415.29999999999995
2022-08-21,424.70000000000005
2022-08-22,232.10000000000002
2022-08-23,187.7
2022-08-24,599.1999999999999
2022-08-25,209.6
2022-08-26,608.9
2022-08-27,551.0
2022-08-28,619.5
2022-08-29,617.6
2022-08-30,410.6
2022-08-31,600.6
2022-09-01,419.6
2022-09-02,347.3
2022-09-03,627.2
2022-09-04,596.0
2022-09-05,561.1999999999999
2022-09-06,580.2
2022-09-07,537.7
2022-09-08,560.5
2022-09-09,571.6999999999999
2022-09-10,508.6
2022-09-11,511.29999999999995
2022-09-12,562.0
2022-09-13,400.6
2022-09-14,332.3
2022-09-15,477.6
2022-09-16,560.6999999999999
2022-09-17,593.0
2022-09-18,587.7
2022-09-19,488.79999999999995
2022-09-20,438.0
2022-09-21,480.9
2022-09-22,0.0
2022-09-23,0.0
2022-09-24,322.5
2022-09-25,510.79999999999995
2022-09-26,0.0
2022-09-27,538.6
2022-09-28,562.9
2022-09-29,554.7
2022-09-30,573.8
2022-10-01,522.9
2022-10-02,514.0
2022-10-03,563.5
2022-10-04,516.8
2022-10-05,476.1
2022-10-06,545.6
2022-10-07,285.8
2022-10-08,56.400000000000006
2022-10-09,266.7
2022-10-10,514.0
2022-10-11,512.2
2022-10-12,573.4
2022-10-13,566.3
2022-10-14,559.0
2022-10-15,536.3
2022-10-16,501.7
2022-10-17,548.8
2022-10-18,514.4
2022-10-19,529.4
2022-10-20,535.8000000000001
2022-10-21,526.6
2022-10-22,497.7
2022-10-23,505.7
2022-10-24,485.2
2022-10-25,500.5
2022-10-26,502.70000000000005
2022-10-27,492.29999999999995
2022-10-28,461.7
2022-10-29,462.20000000000005
2022-10-30,353.6
2022-10-31,464.8
2022-11-01,137.9
2022-11-02,478.09999999999997
2022-11-03,376.5
2022-11-04,459.7
2022-11-05,452.59999999999997
2022-11-06,428.1
2022-11-07,201.7
2022-11-08,336.1
2022-11-09,425.5
2022-11-10,411.20000000000005
2022-11-11,400.1
2022-11-12,463.1
2022-11-13,478.1
2022-11-14,209.0
2022-11-15,424.29999999999995
2022-11-16,116.7
2022-11-17,351.5
2022-11-18,448.9
2022-11-19,448.59999999999997
2022-11-20,428.79999999999995
2022-11-21,402.90000000000003
2022-11-22,279.2
2022-11-23,268.9
2022-11-24,443.7
2022-11-25,418.5
2022-11-26,409.6
2022-11-27,392.40000000000003
2022-11-28,236.9
2022-11-29,247.5
2022-11-30,413.6
2022-12-01,313.2
2022-12-02,384.1
2022-12-03,365.6
2022-12-04,388.29999999999995
2022-12-05,0.0
2022-12-06,0.0
2022-12-07,0.0
2022-12-08,0.0
2022-12-09,0.0
2022-12-10,0.0
2022-12-11,0.0
2022-12-12,0.0
2022-12-13,0.0
2022-12-14,0.0
2022-12-15,0.0
2022-12-16,0.0
2022-12-17,0.0
2022-12-18,0.0
2022-12-19,0.0
2022-12-20,0.0
2022-12-21,0.0
2022-12-22,0.0
2022-12-23,0.0
2022-12-24,0.0
2022-12-25,0.0
2022-12-26,0.0
2022-12-27,0.0
2022-12-28,0.0
2022-12-29,0.0
2022-12-30,0.0
2022-12-31,0.0
